USE Furniture_Store_Data;

CREATE TABLE furn_customers_data(
	customer_id INT NULL,
	customer_name VARCHAR(50) NULL
);

INSERT INTO furn_customers_data
VALUES
(1,'Customer_1'),
(2,'Customer_2'),
(3,'Customer_3'),
(4,'Customer_4'),
(5,'Customer_5'),
(6,'Customer_6'),
(7,'Customer_7'),
(8,'Customer_8'),
(9,'Customer_9'),
(10,'Customer_10'),
(11,'Customer_11'),
(12,'Customer_12'),
(13,'Customer_13'),
(14,'Customer_14'),
(15,'Customer_15'),
(16,'Customer_16'),
(17,'Customer_17'),
(18,'Customer_18'),
(19,'Customer_19'),
(20,'Customer_20'),
(21,'Customer_21'),
(22,'Customer_22'),
(23,'Customer_23'),
(24,'Customer_24'),
(25,'Customer_25'),
(26,'Customer_26'),
(27,'Customer_27'),
(28,'Customer_28'),
(29,'Customer_29'),
(30,'Customer_30'),
(31,'Customer_31'),
(32,'Customer_32'),
(33,'Customer_33'),
(34,'Customer_34'),
(35,'Customer_35'),
(36,'Customer_36'),
(37,'Customer_37'),
(38,'Customer_38'),
(39,'Customer_39'),
(40,'Customer_40'),
(41,'Customer_41'),
(42,'Customer_42'),
(43,'Customer_43'),
(44,'Customer_44'),
(45,'Customer_45'),
(46,'Customer_46'),
(47,'Customer_47'),
(48,'Customer_48'),
(49,'Customer_49'),
(50,'Customer_50'),
(51,'Customer_51'),
(52,'Customer_52'),
(53,'Customer_53'),
(54,'Customer_54'),
(55,'Customer_55'),
(56,'Customer_56'),
(57,'Customer_57'),
(58,'Customer_58'),
(59,'Customer_59'),
(60,'Customer_60'),
(61,'Customer_61'),
(62,'Customer_62'),
(63,'Customer_63'),
(64,'Customer_64'),
(65,'Customer_65'),
(66,'Customer_66'),
(67,'Customer_67'),
(68,'Customer_68'),
(69,'Customer_69'),
(70,'Customer_70'),
(71,'Customer_71'),
(72,'Customer_72'),
(73,'Customer_73'),
(74,'Customer_74'),
(75,'Customer_75'),
(76,'Customer_76'),
(77,'Customer_77'),
(78,'Customer_78'),
(79,'Customer_79'),
(80,'Customer_80'),
(81,'Customer_81'),
(82,'Customer_82'),
(83,'Customer_83'),
(84,'Customer_84'),
(85,'Customer_85'),
(86,'Customer_86'),
(87,'Customer_87'),
(88,'Customer_88'),
(89,'Customer_89'),
(90,'Customer_90'),
(91,'Customer_91'),
(92,'Customer_92'),
(93,'Customer_93'),
(94,'Customer_94'),
(95,'Customer_95'),
(96,'Customer_96'),
(97,'Customer_97'),
(98,'Customer_98'),
(99,'Customer_99'),
(100,'Customer_100');

CREATE TABLE furn_orders_data(
	order_id INT NULL,
	customer_id INT NULL,
	product_id INT NULL,
	order_date DATE NULL,
	quantity INT NULL
);

INSERT INTO furn_orders_data
VALUES
(1,66,38,'2023-08-09 08:39:23.971834',4),
(2,10,29,'2023-09-08 08:39:23.971834',4),
(3,58,9,'2023-07-29 08:39:23.971834',3),
(4,33,44,'2023-09-13 08:39:23.971834',4),
(5,32,47,'2023-07-24 08:39:23.971834',2),
(6,75,1,'2023-09-07 08:39:23.971834',4),
(7,24,41,'2023-08-13 08:39:23.971834',1),
(8,36,39,'2023-08-19 08:39:23.971834',2),
(9,76,26,'2023-07-22 08:39:23.971834',4),
(10,56,11,'2023-08-08 08:39:23.971834',3),
(11,29,35,'2023-07-23 08:39:23.971834',4),
(12,35,24,'2023-08-02 08:39:23.971834',1),
(13,1,33,'2023-07-31 08:39:23.971834',1),
(14,1,20,'2023-08-02 08:39:23.971834',1),
(15,37,27,'2023-08-25 08:39:23.971834',1),
(16,54,15,'2023-08-06 08:39:23.971834',4),
(17,6,33,'2023-08-15 08:39:23.971834',1),
(18,39,7,'2023-07-26 08:39:23.971834',1),
(19,18,34,'2023-09-05 08:39:23.971834',3),
(20,80,45,'2023-08-23 08:39:23.971834',4),
(21,5,46,'2023-08-10 08:39:23.971834',1),
(22,43,42,'2023-08-09 08:39:23.971834',1),
(23,59,5,'2023-08-31 08:39:23.971834',3),
(24,32,30,'2023-09-16 08:39:23.971834',1),
(25,2,28,'2023-09-15 08:39:23.971834',1),
(26,66,18,'2023-08-06 08:39:23.971834',3),
(27,42,36,'2023-08-26 08:39:23.971834',1),
(28,58,3,'2023-08-14 08:39:23.971834',1),
(29,36,21,'2023-09-10 08:39:23.971834',3),
(30,12,46,'2023-08-10 08:39:23.971834',1),
(31,47,16,'2023-09-13 08:39:23.971834',3),
(32,83,37,'2023-08-25 08:39:23.971834',1),
(33,92,42,'2023-07-24 08:39:23.971834',4),
(34,1,5,'2023-09-05 08:39:23.971834',4),
(35,15,50,'2023-08-23 08:39:23.971834',1),
(36,100,14,'2023-07-31 08:39:23.971834',4),
(37,54,31,'2023-08-23 08:39:23.971834',4),
(38,13,46,'2023-08-22 08:39:23.971834',4),
(39,43,24,'2023-09-04 08:39:23.971834',3),
(40,85,35,'2023-08-08 08:39:23.971834',4),
(41,76,36,'2023-09-06 08:39:23.971834',2),
(42,69,10,'2023-07-31 08:39:23.971834',3),
(43,7,27,'2023-08-22 08:39:23.971834',2),
(44,69,27,'2023-08-14 08:39:23.971834',4),
(45,48,23,'2023-08-22 08:39:23.971834',4),
(46,4,13,'2023-08-20 08:39:23.971834',2),
(47,77,16,'2023-09-03 08:39:23.971834',1),
(48,53,35,'2023-07-26 08:39:23.971834',4),
(49,79,27,'2023-08-14 08:39:23.971834',3),
(50,16,39,'2023-08-13 08:39:23.971834',2),
(51,21,47,'2023-09-03 08:39:23.971834',2),
(52,100,17,'2023-08-27 08:39:23.971834',4),
(53,59,48,'2023-09-09 08:39:23.971834',2),
(54,24,41,'2023-08-05 08:39:23.971834',2),
(55,80,1,'2023-08-12 08:39:23.971834',3),
(56,14,11,'2023-08-15 08:39:23.971834',1),
(57,86,12,'2023-07-23 08:39:23.971834',1),
(58,49,14,'2023-08-15 08:39:23.971834',2),
(59,50,8,'2023-09-04 08:39:23.971834',1),
(60,70,31,'2023-09-16 08:39:23.971834',2),
(61,42,7,'2023-08-18 08:39:23.971834',1),
(62,36,46,'2023-07-22 08:39:23.971834',1),
(63,65,31,'2023-07-25 08:39:23.971834',3),
(64,96,16,'2023-09-15 08:39:23.971834',2),
(65,70,42,'2023-07-27 08:39:23.971834',3),
(66,95,39,'2023-08-04 08:39:23.971834',4),
(67,1,44,'2023-08-03 08:39:23.971834',1),
(68,51,19,'2023-08-24 08:39:23.971834',4),
(69,37,8,'2023-09-10 08:39:23.971834',2),
(70,35,29,'2023-08-28 08:39:23.971834',2),
(71,49,2,'2023-09-12 08:39:23.971834',2),
(72,94,42,'2023-07-27 08:39:23.971834',4),
(73,4,3,'2023-09-09 08:39:23.971834',4),
(74,99,29,'2023-08-27 08:39:23.971834',2),
(75,43,15,'2023-09-15 08:39:23.971834',2),
(76,78,38,'2023-09-09 08:39:23.971834',4),
(77,22,28,'2023-08-18 08:39:23.971834',2),
(78,74,37,'2023-09-13 08:39:23.971834',1),
(79,1,32,'2023-09-07 08:39:23.971834',2),
(80,11,30,'2023-07-31 08:39:23.971834',1),
(81,44,47,'2023-07-23 08:39:23.971834',3),
(82,59,30,'2023-08-02 08:39:23.971834',4),
(83,24,34,'2023-09-16 08:39:23.971834',1),
(84,60,13,'2023-09-13 08:39:23.971834',4),
(85,3,33,'2023-08-13 08:39:23.971834',4),
(86,99,42,'2023-09-17 08:39:23.971834',3),
(87,63,17,'2023-09-14 08:39:23.971834',2),
(88,36,3,'2023-07-24 08:39:23.971834',1),
(89,95,9,'2023-09-11 08:39:23.971834',1),
(90,68,11,'2023-09-09 08:39:23.971834',1),
(91,83,49,'2023-08-11 08:39:23.971834',3),
(92,47,27,'2023-09-15 08:39:23.971834',2),
(93,100,28,'2023-08-18 08:39:23.971834',4),
(94,21,2,'2023-08-27 08:39:23.971834',4),
(95,82,1,'2023-07-31 08:39:23.971834',1),
(96,51,6,'2023-08-03 08:39:23.971834',4),
(97,28,25,'2023-08-07 08:39:23.971834',3),
(98,15,35,'2023-08-14 08:39:23.971834',1),
(99,42,16,'2023-09-02 08:39:23.971834',1),
(100,59,4,'2023-07-23 08:39:23.971834',1),
(101,66,47,'2023-08-26 08:39:23.971834',1),
(102,37,38,'2023-07-27 08:39:23.971834',3),
(103,11,44,'2023-08-18 08:39:23.971834',4),
(104,87,20,'2023-08-03 08:39:23.971834',2),
(105,44,25,'2023-07-31 08:39:23.971834',2),
(106,12,7,'2023-07-29 08:39:23.971834',1),
(107,3,21,'2023-07-31 08:39:23.971834',3),
(108,52,7,'2023-08-05 08:39:23.971834',2),
(109,81,29,'2023-09-17 08:39:23.971834',2),
(110,33,7,'2023-08-28 08:39:23.971834',4),
(111,55,3,'2023-09-17 08:39:23.971834',1),
(112,1,29,'2023-07-21 08:39:23.971834',4),
(113,39,29,'2023-08-07 08:39:23.971834',4),
(114,20,39,'2023-09-11 08:39:23.971834',1),
(115,47,38,'2023-08-17 08:39:23.971834',3),
(116,43,6,'2023-07-20 08:39:23.971834',4),
(117,57,46,'2023-08-10 08:39:23.971834',2),
(118,61,10,'2023-08-13 08:39:23.971834',1),
(119,78,37,'2023-07-29 08:39:23.971834',3),
(120,31,14,'2023-07-28 08:39:23.971834',3),
(121,25,22,'2023-08-07 08:39:23.971834',3),
(122,3,32,'2023-07-31 08:39:23.971834',2),
(123,4,18,'2023-08-17 08:39:23.971834',4),
(124,95,36,'2023-09-11 08:39:23.971834',4),
(125,99,46,'2023-09-09 08:39:23.971834',2),
(126,14,9,'2023-08-06 08:39:23.971834',2),
(127,41,26,'2023-09-13 08:39:23.971834',3),
(128,73,22,'2023-08-04 08:39:23.971834',3),
(129,20,46,'2023-07-23 08:39:23.971834',4),
(130,96,38,'2023-08-31 08:39:23.971834',1),
(131,73,23,'2023-08-13 08:39:23.971834',4),
(132,27,17,'2023-08-10 08:39:23.971834',4),
(133,67,26,'2023-08-17 08:39:23.971834',4),
(134,53,47,'2023-09-16 08:39:23.971834',4),
(135,68,38,'2023-08-10 08:39:23.971834',1),
(136,62,2,'2023-08-03 08:39:23.971834',2),
(137,15,6,'2023-09-05 08:39:23.971834',4),
(138,97,7,'2023-07-21 08:39:23.971834',2),
(139,5,13,'2023-08-01 08:39:23.971834',1),
(140,68,27,'2023-07-31 08:39:23.971834',2),
(141,12,11,'2023-08-14 08:39:23.971834',1),
(142,87,15,'2023-08-28 08:39:23.971834',1),
(143,78,9,'2023-07-31 08:39:23.971834',4),
(144,76,8,'2023-08-15 08:39:23.971834',1),
(145,57,46,'2023-09-03 08:39:23.971834',3),
(146,17,6,'2023-08-23 08:39:23.971834',2),
(147,25,48,'2023-07-21 08:39:23.971834',4),
(148,30,43,'2023-08-05 08:39:23.971834',3),
(149,22,4,'2023-07-21 08:39:23.971834',2),
(150,26,11,'2023-08-05 08:39:23.971834',3),
(151,81,28,'2023-08-22 08:39:23.971834',4),
(152,61,26,'2023-08-22 08:39:23.971834',2),
(153,62,4,'2023-09-02 08:39:23.971834',2),
(154,84,15,'2023-08-27 08:39:23.971834',1),
(155,34,19,'2023-08-29 08:39:23.971834',3),
(156,33,6,'2023-07-28 08:39:23.971834',3),
(157,71,5,'2023-08-02 08:39:23.971834',2),
(158,86,18,'2023-08-31 08:39:23.971834',3),
(159,32,6,'2023-08-08 08:39:23.971834',2),
(160,14,31,'2023-09-08 08:39:23.971834',2),
(161,72,25,'2023-08-21 08:39:23.971834',1),
(162,57,4,'2023-08-12 08:39:23.971834',2),
(163,25,6,'2023-07-24 08:39:23.971834',3),
(164,80,41,'2023-08-20 08:39:23.971834',4),
(165,42,37,'2023-08-11 08:39:23.971834',1),
(166,19,50,'2023-07-20 08:39:23.971834',4),
(167,41,25,'2023-08-26 08:39:23.971834',2),
(168,55,34,'2023-08-20 08:39:23.971834',1),
(169,80,19,'2023-08-04 08:39:23.971834',1),
(170,12,34,'2023-08-08 08:39:23.971834',2),
(171,39,15,'2023-08-04 08:39:23.971834',3),
(172,94,50,'2023-09-09 08:39:23.971834',2),
(173,2,8,'2023-09-15 08:39:23.971834',2),
(174,96,44,'2023-08-01 08:39:23.971834',2),
(175,45,47,'2023-09-03 08:39:23.971834',2),
(176,89,49,'2023-07-30 08:39:23.971834',2),
(177,25,34,'2023-09-10 08:39:23.971834',3),
(178,68,18,'2023-08-30 08:39:23.971834',1),
(179,83,30,'2023-08-05 08:39:23.971834',3),
(180,4,13,'2023-07-26 08:39:23.971834',2),
(181,77,47,'2023-08-10 08:39:23.971834',1),
(182,36,33,'2023-08-19 08:39:23.971834',1),
(183,87,35,'2023-07-23 08:39:23.971834',1),
(184,62,24,'2023-08-05 08:39:23.971834',4),
(185,70,26,'2023-07-20 08:39:23.971834',3),
(186,88,47,'2023-07-21 08:39:23.971834',3),
(187,44,44,'2023-09-08 08:39:23.971834',3),
(188,33,42,'2023-08-21 08:39:23.971834',2),
(189,12,47,'2023-09-01 08:39:23.971834',3),
(190,85,1,'2023-09-17 08:39:23.971834',4),
(191,11,13,'2023-08-07 08:39:23.971834',4),
(192,55,10,'2023-08-07 08:39:23.971834',3),
(193,38,19,'2023-09-15 08:39:23.971834',4),
(194,29,5,'2023-08-11 08:39:23.971834',3),
(195,3,8,'2023-08-04 08:39:23.971834',4),
(196,28,4,'2023-08-04 08:39:23.971834',1),
(197,84,49,'2023-08-17 08:39:23.971834',1),
(198,90,13,'2023-07-27 08:39:23.971834',2),
(199,24,38,'2023-08-16 08:39:23.971834',1),
(200,54,46,'2023-08-13 08:39:23.971834',2),
(201,52,49,'2023-09-15 08:39:23.971834',1),
(202,47,46,'2023-09-16 08:39:23.971834',4),
(203,21,19,'2023-08-13 08:39:23.971834',2),
(204,54,50,'2023-08-01 08:39:23.971834',4),
(205,30,8,'2023-08-02 08:39:23.971834',4),
(206,68,27,'2023-08-07 08:39:23.971834',2),
(207,36,50,'2023-08-03 08:39:23.971834',1),
(208,40,47,'2023-08-03 08:39:23.971834',1),
(209,10,30,'2023-08-09 08:39:23.971834',4),
(210,74,4,'2023-07-27 08:39:23.971834',3),
(211,42,11,'2023-09-13 08:39:23.971834',3),
(212,24,21,'2023-09-02 08:39:23.971834',2),
(213,4,43,'2023-09-01 08:39:23.971834',4),
(214,47,2,'2023-09-11 08:39:23.971834',2),
(215,91,21,'2023-08-16 08:39:23.971834',2),
(216,51,17,'2023-09-02 08:39:23.971834',1),
(217,4,43,'2023-08-04 08:39:23.971834',1),
(218,32,29,'2023-08-12 08:39:23.971834',4),
(219,10,27,'2023-07-31 08:39:23.971834',3),
(220,11,24,'2023-08-02 08:39:23.971834',1),
(221,28,49,'2023-08-18 08:39:23.971834',2),
(222,46,3,'2023-08-20 08:39:23.971834',3),
(223,72,39,'2023-09-04 08:39:23.971834',1),
(224,40,10,'2023-08-07 08:39:23.971834',2),
(225,62,3,'2023-07-24 08:39:23.971834',1),
(226,86,45,'2023-08-17 08:39:23.971834',1),
(227,98,42,'2023-07-21 08:39:23.971834',1),
(228,45,26,'2023-09-07 08:39:23.971834',2),
(229,35,37,'2023-09-07 08:39:23.971834',2),
(230,35,27,'2023-08-12 08:39:23.971834',1),
(231,89,5,'2023-09-15 08:39:23.971834',2),
(232,34,42,'2023-08-05 08:39:23.971834',1),
(233,6,11,'2023-08-30 08:39:23.971834',4),
(234,37,13,'2023-08-15 08:39:23.971834',3),
(235,1,41,'2023-09-06 08:39:23.971834',2),
(236,76,34,'2023-07-22 08:39:23.971834',1),
(237,35,38,'2023-09-05 08:39:23.971834',1),
(238,70,40,'2023-08-06 08:39:23.971834',4),
(239,54,33,'2023-08-09 08:39:23.971834',1),
(240,81,34,'2023-08-27 08:39:23.971834',3),
(241,63,27,'2023-07-20 08:39:23.971834',2),
(242,9,36,'2023-07-26 08:39:23.971834',4),
(243,62,26,'2023-09-02 08:39:23.971834',1),
(244,2,25,'2023-08-11 08:39:23.971834',1),
(245,82,19,'2023-08-04 08:39:23.971834',1),
(246,36,21,'2023-07-30 08:39:23.971834',4),
(247,92,31,'2023-08-23 08:39:23.971834',2),
(248,41,29,'2023-08-29 08:39:23.971834',3),
(249,37,9,'2023-08-27 08:39:23.971834',3),
(250,49,19,'2023-09-12 08:39:23.971834',1),
(251,26,26,'2023-08-10 08:39:23.971834',1),
(252,68,25,'2023-08-23 08:39:23.971834',2),
(253,36,40,'2023-09-11 08:39:23.971834',1),
(254,31,43,'2023-08-21 08:39:23.971834',3),
(255,30,29,'2023-08-31 08:39:23.971834',2),
(256,34,25,'2023-09-02 08:39:23.971834',4),
(257,19,19,'2023-08-24 08:39:23.971834',4),
(258,18,4,'2023-08-30 08:39:23.971834',2),
(259,94,45,'2023-09-15 08:39:23.971834',1),
(260,85,20,'2023-08-28 08:39:23.971834',3),
(261,3,46,'2023-08-16 08:39:23.971834',2),
(262,70,1,'2023-09-17 08:39:23.971834',2),
(263,13,11,'2023-09-06 08:39:23.971834',1),
(264,45,4,'2023-07-30 08:39:23.971834',3),
(265,67,7,'2023-07-24 08:39:23.971834',3),
(266,92,28,'2023-08-06 08:39:23.971834',4),
(267,86,36,'2023-07-23 08:39:23.971834',4),
(268,40,7,'2023-08-26 08:39:23.971834',2),
(269,40,20,'2023-08-19 08:39:23.971834',3),
(270,76,35,'2023-08-12 08:39:23.971834',1),
(271,23,39,'2023-08-18 08:39:23.971834',1),
(272,31,21,'2023-08-27 08:39:23.971834',2),
(273,18,44,'2023-09-17 08:39:23.971834',2),
(274,71,1,'2023-08-19 08:39:23.971834',3),
(275,72,37,'2023-07-31 08:39:23.971834',1),
(276,19,46,'2023-07-22 08:39:23.971834',4),
(277,93,42,'2023-08-18 08:39:23.971834',4),
(278,44,3,'2023-07-27 08:39:23.971834',4),
(279,84,34,'2023-09-09 08:39:23.971834',3),
(280,50,13,'2023-09-10 08:39:23.971834',3),
(281,42,16,'2023-07-29 08:39:23.971834',2),
(282,94,34,'2023-08-12 08:39:23.971834',1),
(283,47,24,'2023-07-20 08:39:23.971834',4),
(284,22,13,'2023-09-06 08:39:23.971834',1),
(285,74,6,'2023-08-06 08:39:23.971834',3),
(286,90,39,'2023-08-29 08:39:23.971834',1),
(287,97,2,'2023-09-09 08:39:23.971834',4),
(288,92,11,'2023-08-10 08:39:23.971834',1),
(289,74,7,'2023-08-19 08:39:23.971834',4),
(290,29,7,'2023-08-15 08:39:23.971834',3),
(291,82,39,'2023-08-04 08:39:23.971834',2),
(292,59,39,'2023-09-06 08:39:23.971834',4),
(293,1,12,'2023-08-06 08:39:23.971834',2),
(294,87,22,'2023-07-30 08:39:23.971834',4),
(295,64,3,'2023-08-06 08:39:23.971834',2),
(296,17,13,'2023-07-23 08:39:23.971834',3),
(297,37,30,'2023-08-28 08:39:23.971834',1),
(298,95,10,'2023-07-29 08:39:23.971834',4),
(299,25,9,'2023-08-18 08:39:23.971834',4),
(300,64,6,'2023-07-23 08:39:23.971834',4),
(301,68,44,'2023-07-27 08:39:23.971834',3),
(302,52,2,'2023-08-05 08:39:23.971834',4),
(303,9,44,'2023-08-23 08:39:23.971834',3),
(304,57,16,'2023-07-24 08:39:23.971834',2),
(305,92,13,'2023-08-15 08:39:23.971834',1),
(306,94,48,'2023-08-25 08:39:23.971834',2),
(307,88,13,'2023-07-26 08:39:23.971834',1),
(308,33,22,'2023-08-21 08:39:23.971834',1),
(309,20,19,'2023-08-06 08:39:23.971834',2),
(310,73,26,'2023-09-13 08:39:23.971834',4),
(311,72,14,'2023-09-12 08:39:23.971834',4),
(312,88,31,'2023-09-11 08:39:23.971834',2),
(313,14,29,'2023-08-26 08:39:23.971834',3),
(314,59,45,'2023-09-13 08:39:23.971834',1),
(315,82,42,'2023-08-16 08:39:23.971834',1),
(316,56,22,'2023-09-09 08:39:23.971834',1),
(317,65,7,'2023-08-03 08:39:23.971834',1),
(318,76,37,'2023-09-17 08:39:23.971834',1),
(319,93,49,'2023-08-11 08:39:23.971834',4),
(320,37,41,'2023-08-20 08:39:23.971834',3),
(321,26,27,'2023-07-28 08:39:23.971834',1),
(322,33,31,'2023-09-14 08:39:23.971834',3),
(323,43,6,'2023-08-18 08:39:23.971834',2),
(324,15,16,'2023-08-17 08:39:23.971834',3),
(325,87,38,'2023-08-20 08:39:23.971834',4),
(326,29,38,'2023-08-23 08:39:23.971834',3),
(327,21,50,'2023-09-16 08:39:23.971834',3),
(328,83,32,'2023-08-06 08:39:23.971834',2),
(329,69,33,'2023-08-17 08:39:23.971834',1),
(330,23,49,'2023-09-05 08:39:23.971834',3),
(331,100,17,'2023-08-05 08:39:23.971834',4),
(332,84,33,'2023-07-28 08:39:23.971834',2),
(333,8,11,'2023-09-17 08:39:23.971834',3),
(334,73,13,'2023-09-13 08:39:23.971834',3),
(335,62,30,'2023-09-02 08:39:23.971834',2),
(336,14,1,'2023-07-27 08:39:23.971834',4),
(337,6,30,'2023-08-01 08:39:23.971834',4),
(338,1,27,'2023-08-21 08:39:23.971834',4),
(339,9,40,'2023-08-09 08:39:23.971834',3),
(340,80,23,'2023-09-01 08:39:23.971834',3),
(341,80,20,'2023-07-31 08:39:23.971834',4),
(342,54,6,'2023-08-18 08:39:23.971834',1),
(343,12,37,'2023-08-29 08:39:23.971834',4),
(344,5,20,'2023-07-20 08:39:23.971834',2),
(345,40,37,'2023-08-09 08:39:23.971834',3),
(346,93,6,'2023-09-03 08:39:23.971834',2),
(347,46,29,'2023-08-17 08:39:23.971834',2),
(348,27,13,'2023-08-02 08:39:23.971834',1),
(349,75,27,'2023-08-26 08:39:23.971834',1),
(350,53,50,'2023-09-05 08:39:23.971834',4),
(351,50,20,'2023-08-28 08:39:23.971834',1),
(352,92,13,'2023-09-08 08:39:23.971834',3),
(353,52,39,'2023-07-24 08:39:23.971834',3),
(354,100,8,'2023-09-04 08:39:23.971834',3),
(355,19,17,'2023-08-01 08:39:23.971834',3),
(356,35,30,'2023-09-15 08:39:23.971834',3),
(357,52,1,'2023-09-13 08:39:23.971834',4),
(358,31,24,'2023-08-26 08:39:23.971834',3),
(359,54,16,'2023-09-06 08:39:23.971834',4),
(360,59,11,'2023-07-24 08:39:23.971834',2),
(361,44,4,'2023-08-30 08:39:23.971834',2),
(362,56,4,'2023-08-25 08:39:23.971834',1),
(363,19,17,'2023-08-05 08:39:23.971834',3),
(364,46,49,'2023-08-07 08:39:23.971834',2),
(365,88,10,'2023-08-26 08:39:23.971834',4),
(366,66,21,'2023-08-19 08:39:23.971834',4),
(367,71,38,'2023-09-11 08:39:23.971834',4),
(368,54,49,'2023-09-04 08:39:23.971834',1),
(369,49,18,'2023-08-24 08:39:23.971834',4),
(370,95,10,'2023-09-06 08:39:23.971834',1),
(371,60,45,'2023-07-20 08:39:23.971834',4),
(372,81,16,'2023-09-07 08:39:23.971834',1),
(373,27,39,'2023-09-15 08:39:23.971834',1),
(374,36,15,'2023-07-29 08:39:23.971834',2),
(375,59,34,'2023-09-08 08:39:23.971834',2),
(376,50,5,'2023-08-22 08:39:23.971834',4),
(377,74,17,'2023-09-06 08:39:23.971834',2),
(378,45,37,'2023-09-07 08:39:23.971834',1),
(379,14,8,'2023-08-01 08:39:23.971834',1),
(380,71,24,'2023-07-26 08:39:23.971834',3),
(381,39,28,'2023-09-09 08:39:23.971834',3),
(382,40,47,'2023-08-25 08:39:23.971834',1),
(383,9,8,'2023-08-24 08:39:23.971834',2),
(384,14,23,'2023-08-27 08:39:23.971834',1),
(385,8,35,'2023-08-25 08:39:23.971834',4),
(386,81,31,'2023-08-19 08:39:23.971834',3),
(387,23,17,'2023-09-08 08:39:23.971834',3),
(388,80,28,'2023-08-08 08:39:23.971834',2),
(389,90,48,'2023-08-27 08:39:23.971834',1),
(390,9,48,'2023-09-02 08:39:23.971834',3),
(391,100,12,'2023-08-24 08:39:23.971834',2),
(392,7,24,'2023-08-03 08:39:23.971834',3),
(393,82,15,'2023-08-18 08:39:23.971834',2),
(394,72,40,'2023-09-09 08:39:23.971834',3),
(395,85,31,'2023-09-14 08:39:23.971834',4),
(396,90,27,'2023-08-06 08:39:23.971834',3),
(397,67,35,'2023-07-23 08:39:23.971834',1),
(398,61,18,'2023-08-18 08:39:23.971834',2),
(399,17,36,'2023-08-16 08:39:23.971834',2),
(400,57,8,'2023-07-23 08:39:23.971834',3),
(401,24,46,'2023-08-22 08:39:23.971834',1),
(402,25,49,'2023-09-11 08:39:23.971834',3),
(403,5,38,'2023-09-09 08:39:23.971834',3),
(404,50,5,'2023-09-12 08:39:23.971834',3),
(405,88,14,'2023-08-16 08:39:23.971834',4),
(406,31,38,'2023-08-25 08:39:23.971834',2),
(407,55,20,'2023-09-14 08:39:23.971834',1),
(408,26,44,'2023-08-10 08:39:23.971834',4),
(409,21,9,'2023-08-28 08:39:23.971834',4),
(410,98,33,'2023-08-31 08:39:23.971834',3),
(411,58,18,'2023-07-30 08:39:23.971834',3),
(412,24,6,'2023-08-18 08:39:23.971834',3),
(413,28,37,'2023-09-07 08:39:23.971834',2),
(414,30,2,'2023-08-18 08:39:23.971834',3),
(415,34,30,'2023-09-16 08:39:23.971834',4),
(416,54,6,'2023-08-13 08:39:23.971834',2),
(417,52,17,'2023-09-08 08:39:23.971834',4),
(418,87,39,'2023-08-05 08:39:23.971834',2),
(419,8,41,'2023-07-20 08:39:23.971834',2),
(420,10,23,'2023-08-25 08:39:23.971834',2),
(421,55,31,'2023-08-23 08:39:23.971834',4),
(422,1,20,'2023-09-17 08:39:23.971834',2),
(423,84,5,'2023-08-02 08:39:23.971834',4),
(424,37,21,'2023-07-21 08:39:23.971834',1),
(425,82,43,'2023-09-17 08:39:23.971834',4),
(426,21,11,'2023-07-22 08:39:23.971834',4),
(427,4,4,'2023-07-22 08:39:23.971834',2),
(428,43,23,'2023-08-08 08:39:23.971834',2),
(429,66,38,'2023-09-10 08:39:23.971834',3),
(430,21,30,'2023-09-16 08:39:23.971834',1),
(431,37,42,'2023-08-01 08:39:23.971834',1),
(432,69,41,'2023-08-19 08:39:23.971834',3),
(433,81,18,'2023-08-28 08:39:23.971834',4),
(434,48,41,'2023-08-10 08:39:23.971834',4),
(435,11,43,'2023-08-02 08:39:23.971834',2),
(436,95,31,'2023-09-07 08:39:23.971834',1),
(437,92,30,'2023-08-15 08:39:23.971834',2),
(438,44,34,'2023-09-09 08:39:23.971834',3),
(439,64,31,'2023-08-01 08:39:23.971834',1),
(440,32,47,'2023-09-07 08:39:23.971834',2),
(441,21,38,'2023-07-20 08:39:23.971834',1),
(442,71,25,'2023-07-21 08:39:23.971834',1),
(443,10,17,'2023-08-25 08:39:23.971834',2),
(444,61,36,'2023-07-30 08:39:23.971834',2),
(445,92,40,'2023-08-31 08:39:23.971834',1),
(446,36,30,'2023-08-21 08:39:23.971834',3),
(447,84,2,'2023-08-17 08:39:23.971834',4),
(448,77,24,'2023-09-16 08:39:23.971834',1),
(449,19,9,'2023-07-22 08:39:23.971834',3),
(450,75,1,'2023-08-17 08:39:23.971834',1),
(451,99,24,'2023-07-21 08:39:23.971834',2),
(452,98,38,'2023-08-02 08:39:23.971834',3),
(453,44,48,'2023-08-08 08:39:23.971834',3),
(454,4,27,'2023-09-05 08:39:23.971834',1),
(455,13,26,'2023-08-06 08:39:23.971834',4),
(456,59,26,'2023-08-25 08:39:23.971834',1),
(457,2,7,'2023-07-27 08:39:23.971834',4),
(458,1,25,'2023-09-11 08:39:23.971834',3),
(459,40,16,'2023-07-26 08:39:23.971834',4),
(460,25,38,'2023-07-29 08:39:23.971834',2),
(461,59,42,'2023-08-04 08:39:23.971834',4),
(462,37,18,'2023-08-07 08:39:23.971834',4),
(463,100,17,'2023-08-18 08:39:23.971834',3),
(464,70,49,'2023-09-11 08:39:23.971834',4),
(465,7,44,'2023-08-31 08:39:23.971834',3),
(466,4,47,'2023-08-07 08:39:23.971834',2),
(467,99,6,'2023-07-22 08:39:23.971834',2),
(468,41,20,'2023-08-18 08:39:23.971834',1),
(469,61,48,'2023-08-06 08:39:23.971834',1),
(470,34,23,'2023-08-24 08:39:23.971834',1),
(471,29,46,'2023-09-14 08:39:23.971834',2),
(472,69,12,'2023-08-08 08:39:23.971834',4),
(473,27,12,'2023-08-05 08:39:23.971834',3),
(474,97,34,'2023-08-12 08:39:23.971834',2),
(475,52,8,'2023-08-01 08:39:23.971834',4),
(476,74,27,'2023-08-24 08:39:23.971834',1),
(477,54,49,'2023-09-03 08:39:23.971834',3),
(478,70,8,'2023-09-14 08:39:23.971834',1),
(479,34,48,'2023-07-22 08:39:23.971834',3),
(480,8,33,'2023-08-09 08:39:23.971834',4),
(481,95,37,'2023-07-23 08:39:23.971834',2),
(482,73,19,'2023-08-06 08:39:23.971834',1),
(483,85,24,'2023-09-02 08:39:23.971834',2),
(484,8,22,'2023-08-27 08:39:23.971834',4),
(485,68,3,'2023-08-31 08:39:23.971834',4),
(486,86,9,'2023-07-30 08:39:23.971834',4),
(487,92,11,'2023-08-26 08:39:23.971834',2),
(488,68,6,'2023-08-31 08:39:23.971834',2),
(489,85,39,'2023-08-29 08:39:23.971834',3),
(490,72,39,'2023-09-05 08:39:23.971834',2),
(491,84,37,'2023-08-16 08:39:23.971834',2),
(492,96,2,'2023-07-24 08:39:23.971834',4),
(493,1,37,'2023-09-09 08:39:23.971834',3),
(494,6,6,'2023-08-11 08:39:23.971834',2),
(495,92,6,'2023-08-26 08:39:23.971834',2),
(496,31,39,'2023-08-24 08:39:23.971834',4),
(497,74,36,'2023-08-19 08:39:23.971834',2),
(498,84,25,'2023-07-27 08:39:23.971834',4),
(499,8,50,'2023-08-13 08:39:23.971834',3),
(500,22,16,'2023-08-13 08:39:23.971834',4),
(501,99,1,'2023-08-11 08:39:23.971834',3),
(502,6,42,'2023-09-15 08:39:23.971834',4),
(503,21,23,'2023-09-08 08:39:23.971834',2),
(504,32,18,'2023-08-12 08:39:23.971834',2),
(505,99,43,'2023-07-24 08:39:23.971834',3),
(506,24,5,'2023-07-20 08:39:23.971834',3),
(507,20,5,'2023-08-06 08:39:23.971834',4),
(508,86,19,'2023-07-26 08:39:23.971834',4),
(509,48,6,'2023-07-24 08:39:23.971834',2),
(510,7,15,'2023-07-31 08:39:23.971834',3),
(511,69,11,'2023-08-21 08:39:23.971834',1),
(512,74,30,'2023-08-05 08:39:23.971834',2),
(513,25,20,'2023-07-22 08:39:23.971834',4),
(514,48,35,'2023-09-16 08:39:23.971834',3),
(515,33,4,'2023-07-30 08:39:23.971834',2),
(516,75,9,'2023-08-28 08:39:23.971834',1),
(517,91,27,'2023-08-27 08:39:23.971834',1),
(518,92,19,'2023-09-12 08:39:23.971834',3),
(519,17,5,'2023-08-28 08:39:23.971834',2),
(520,99,8,'2023-09-13 08:39:23.971834',1),
(521,23,43,'2023-07-20 08:39:23.971834',1),
(522,29,30,'2023-07-29 08:39:23.971834',2),
(523,29,36,'2023-07-31 08:39:23.971834',4),
(524,79,16,'2023-09-02 08:39:23.971834',1),
(525,90,47,'2023-09-10 08:39:23.971834',1),
(526,6,46,'2023-08-06 08:39:23.971834',1),
(527,67,4,'2023-08-25 08:39:23.971834',1),
(528,36,4,'2023-08-30 08:39:23.971834',1),
(529,76,7,'2023-09-05 08:39:23.971834',3),
(530,52,3,'2023-07-25 08:39:23.971834',4),
(531,78,38,'2023-08-30 08:39:23.971834',1),
(532,100,25,'2023-09-06 08:39:23.971834',1),
(533,57,36,'2023-08-27 08:39:23.971834',2),
(534,96,4,'2023-08-25 08:39:23.971834',2),
(535,95,8,'2023-07-24 08:39:23.971834',3),
(536,6,28,'2023-09-17 08:39:23.971834',3),
(537,30,3,'2023-09-07 08:39:23.971834',4),
(538,92,49,'2023-07-31 08:39:23.971834',4),
(539,54,8,'2023-08-28 08:39:23.971834',1),
(540,66,11,'2023-08-18 08:39:23.971834',2),
(541,62,46,'2023-09-01 08:39:23.971834',4),
(542,27,49,'2023-09-03 08:39:23.971834',1),
(543,29,6,'2023-07-31 08:39:23.971834',2),
(544,40,41,'2023-08-31 08:39:23.971834',3),
(545,98,23,'2023-08-21 08:39:23.971834',1),
(546,48,44,'2023-07-21 08:39:23.971834',1),
(547,33,2,'2023-09-02 08:39:23.971834',3),
(548,5,7,'2023-09-05 08:39:23.971834',2),
(549,55,29,'2023-08-23 08:39:23.971834',3),
(550,1,6,'2023-08-31 08:39:23.971834',1),
(551,12,41,'2023-08-31 08:39:23.971834',4),
(552,52,11,'2023-09-02 08:39:23.971834',2),
(553,100,8,'2023-07-30 08:39:23.971834',1),
(554,69,30,'2023-08-31 08:39:23.971834',3),
(555,27,37,'2023-08-29 08:39:23.971834',2),
(556,16,19,'2023-09-04 08:39:23.971834',1),
(557,93,48,'2023-08-28 08:39:23.971834',2),
(558,17,3,'2023-08-04 08:39:23.971834',4),
(559,71,42,'2023-09-03 08:39:23.971834',4),
(560,96,30,'2023-08-15 08:39:23.971834',4),
(561,3,33,'2023-08-30 08:39:23.971834',2),
(562,18,50,'2023-08-29 08:39:23.971834',4),
(563,66,26,'2023-09-02 08:39:23.971834',2),
(564,33,37,'2023-09-06 08:39:23.971834',2),
(565,98,20,'2023-08-05 08:39:23.971834',3),
(566,39,33,'2023-09-01 08:39:23.971834',1),
(567,69,28,'2023-08-17 08:39:23.971834',4),
(568,95,27,'2023-07-20 08:39:23.971834',1),
(569,5,29,'2023-09-02 08:39:23.971834',1),
(570,80,46,'2023-07-22 08:39:23.971834',3),
(571,22,24,'2023-08-11 08:39:23.971834',4),
(572,11,19,'2023-08-13 08:39:23.971834',1),
(573,17,6,'2023-09-02 08:39:23.971834',2),
(574,3,2,'2023-08-08 08:39:23.971834',1),
(575,47,22,'2023-08-19 08:39:23.971834',2),
(576,62,35,'2023-08-02 08:39:23.971834',2),
(577,47,2,'2023-07-27 08:39:23.971834',2),
(578,33,30,'2023-08-08 08:39:23.971834',3),
(579,24,46,'2023-08-24 08:39:23.971834',4),
(580,62,35,'2023-09-11 08:39:23.971834',1),
(581,2,15,'2023-09-11 08:39:23.971834',3),
(582,37,43,'2023-08-18 08:39:23.971834',4),
(583,90,31,'2023-08-09 08:39:23.971834',2),
(584,9,10,'2023-07-28 08:39:23.971834',4),
(585,48,28,'2023-07-30 08:39:23.971834',1),
(586,92,8,'2023-08-30 08:39:23.971834',3),
(587,1,13,'2023-08-23 08:39:23.971834',3),
(588,36,30,'2023-09-04 08:39:23.971834',2),
(589,27,37,'2023-07-31 08:39:23.971834',2),
(590,63,39,'2023-07-28 08:39:23.971834',2),
(591,53,29,'2023-09-11 08:39:23.971834',1),
(592,23,50,'2023-09-13 08:39:23.971834',4),
(593,32,22,'2023-08-10 08:39:23.971834',3),
(594,2,24,'2023-09-10 08:39:23.971834',2),
(595,94,38,'2023-07-24 08:39:23.971834',3),
(596,4,21,'2023-09-05 08:39:23.971834',2),
(597,4,14,'2023-07-27 08:39:23.971834',4),
(598,99,46,'2023-09-14 08:39:23.971834',3),
(599,37,41,'2023-09-14 08:39:23.971834',4),
(600,43,42,'2023-08-10 08:39:23.971834',2),
(601,21,2,'2023-08-11 08:39:23.971834',3),
(602,6,9,'2023-07-26 08:39:23.971834',1),
(603,89,40,'2023-08-08 08:39:23.971834',1),
(604,84,45,'2023-09-01 08:39:23.971834',1),
(605,55,10,'2023-07-26 08:39:23.971834',4),
(606,4,50,'2023-08-21 08:39:23.971834',4),
(607,84,18,'2023-09-17 08:39:23.971834',2),
(608,24,50,'2023-08-26 08:39:23.971834',2),
(609,49,26,'2023-08-11 08:39:23.971834',3),
(610,95,24,'2023-08-30 08:39:23.971834',3),
(611,31,41,'2023-08-10 08:39:23.971834',4),
(612,90,11,'2023-09-10 08:39:23.971834',1),
(613,8,27,'2023-07-31 08:39:23.971834',2),
(614,43,14,'2023-09-01 08:39:23.971834',2),
(615,13,32,'2023-07-23 08:39:23.971834',4),
(616,5,22,'2023-08-21 08:39:23.971834',4),
(617,28,34,'2023-08-18 08:39:23.971834',2),
(618,77,46,'2023-08-10 08:39:23.971834',4),
(619,75,2,'2023-08-06 08:39:23.971834',2),
(620,44,33,'2023-07-25 08:39:23.971834',1),
(621,54,44,'2023-09-05 08:39:23.971834',2),
(622,11,7,'2023-08-16 08:39:23.971834',2),
(623,44,35,'2023-07-21 08:39:23.971834',1),
(624,7,31,'2023-08-22 08:39:23.971834',1),
(625,72,47,'2023-08-29 08:39:23.971834',3),
(626,1,27,'2023-09-01 08:39:23.971834',1),
(627,52,39,'2023-08-28 08:39:23.971834',4),
(628,35,37,'2023-09-15 08:39:23.971834',3),
(629,97,18,'2023-09-01 08:39:23.971834',1),
(630,24,49,'2023-09-09 08:39:23.971834',1),
(631,65,13,'2023-08-26 08:39:23.971834',2),
(632,72,48,'2023-08-19 08:39:23.971834',2),
(633,31,40,'2023-08-07 08:39:23.971834',4),
(634,19,49,'2023-09-12 08:39:23.971834',1),
(635,33,49,'2023-08-04 08:39:23.971834',2),
(636,3,26,'2023-09-09 08:39:23.971834',4),
(637,39,1,'2023-09-03 08:39:23.971834',3),
(638,13,39,'2023-08-29 08:39:23.971834',1),
(639,65,31,'2023-08-18 08:39:23.971834',3),
(640,73,42,'2023-07-24 08:39:23.971834',1),
(641,4,48,'2023-09-14 08:39:23.971834',1),
(642,14,37,'2023-09-06 08:39:23.971834',1),
(643,91,39,'2023-09-14 08:39:23.971834',1),
(644,4,29,'2023-08-31 08:39:23.971834',1),
(645,71,43,'2023-08-09 08:39:23.971834',4),
(646,7,24,'2023-08-05 08:39:23.971834',2),
(647,21,16,'2023-09-11 08:39:23.971834',3),
(648,59,39,'2023-08-10 08:39:23.971834',1),
(649,3,39,'2023-07-22 08:39:23.971834',2),
(650,86,23,'2023-08-09 08:39:23.971834',1),
(651,48,49,'2023-09-03 08:39:23.971834',1),
(652,53,8,'2023-09-14 08:39:23.971834',3),
(653,59,38,'2023-08-13 08:39:23.971834',1),
(654,83,3,'2023-09-01 08:39:23.971834',4),
(655,81,14,'2023-08-09 08:39:23.971834',3),
(656,58,21,'2023-09-03 08:39:23.971834',4),
(657,44,47,'2023-08-04 08:39:23.971834',1),
(658,34,30,'2023-08-22 08:39:23.971834',2),
(659,70,33,'2023-08-13 08:39:23.971834',4),
(660,94,20,'2023-08-13 08:39:23.971834',1),
(661,80,45,'2023-08-29 08:39:23.971834',4),
(662,90,45,'2023-08-16 08:39:23.971834',2),
(663,25,23,'2023-07-23 08:39:23.971834',2),
(664,61,23,'2023-08-08 08:39:23.971834',2),
(665,65,45,'2023-08-01 08:39:23.971834',2),
(666,62,38,'2023-09-08 08:39:23.971834',1),
(667,78,35,'2023-09-02 08:39:23.971834',1),
(668,13,39,'2023-07-30 08:39:23.971834',2),
(669,71,22,'2023-07-29 08:39:23.971834',4),
(670,50,29,'2023-08-17 08:39:23.971834',2),
(671,4,49,'2023-09-11 08:39:23.971834',3),
(672,33,35,'2023-09-04 08:39:23.971834',1),
(673,50,2,'2023-08-20 08:39:23.971834',3),
(674,100,46,'2023-08-12 08:39:23.971834',4),
(675,14,47,'2023-08-02 08:39:23.971834',2),
(676,76,18,'2023-07-25 08:39:23.971834',3),
(677,18,35,'2023-09-03 08:39:23.971834',3),
(678,69,44,'2023-08-29 08:39:23.971834',2),
(679,88,14,'2023-07-27 08:39:23.971834',3),
(680,48,18,'2023-08-30 08:39:23.971834',3),
(681,75,32,'2023-09-04 08:39:23.971834',1),
(682,39,22,'2023-08-05 08:39:23.971834',2),
(683,49,35,'2023-09-08 08:39:23.971834',1),
(684,37,46,'2023-08-28 08:39:23.971834',1),
(685,94,2,'2023-08-24 08:39:23.971834',2),
(686,26,6,'2023-08-31 08:39:23.971834',3),
(687,36,48,'2023-08-17 08:39:23.971834',2),
(688,72,39,'2023-09-11 08:39:23.971834',2),
(689,65,32,'2023-08-06 08:39:23.971834',2),
(690,65,29,'2023-08-26 08:39:23.971834',2),
(691,9,39,'2023-07-21 08:39:23.971834',3),
(692,68,49,'2023-08-06 08:39:23.971834',1),
(693,7,5,'2023-08-19 08:39:23.971834',3),
(694,8,38,'2023-08-23 08:39:23.971834',4),
(695,52,8,'2023-09-10 08:39:23.971834',1),
(696,78,4,'2023-07-23 08:39:23.971834',2),
(697,83,22,'2023-08-22 08:39:23.971834',3),
(698,18,22,'2023-09-01 08:39:23.971834',2),
(699,4,27,'2023-08-14 08:39:23.971834',2),
(700,9,3,'2023-07-21 08:39:23.971834',2),
(701,48,29,'2023-08-23 08:39:23.971834',3),
(702,44,48,'2023-09-14 08:39:23.971834',4),
(703,62,33,'2023-09-07 08:39:23.971834',2),
(704,4,38,'2023-08-28 08:39:23.971834',1),
(705,45,34,'2023-08-29 08:39:23.971834',4),
(706,76,36,'2023-08-07 08:39:23.971834',2),
(707,50,33,'2023-08-30 08:39:23.971834',3),
(708,51,40,'2023-09-12 08:39:23.971834',4),
(709,11,18,'2023-08-10 08:39:23.971834',3),
(710,44,10,'2023-09-05 08:39:23.971834',2),
(711,80,36,'2023-08-17 08:39:23.971834',1),
(712,92,45,'2023-07-21 08:39:23.971834',2),
(713,63,23,'2023-08-30 08:39:23.971834',3),
(714,100,6,'2023-08-27 08:39:23.971834',2),
(715,83,23,'2023-08-01 08:39:23.971834',2),
(716,63,10,'2023-08-04 08:39:23.971834',4),
(717,36,2,'2023-08-17 08:39:23.971834',3),
(718,86,44,'2023-08-14 08:39:23.971834',4),
(719,29,6,'2023-09-17 08:39:23.971834',3),
(720,60,43,'2023-09-08 08:39:23.971834',3),
(721,98,5,'2023-09-11 08:39:23.971834',3),
(722,90,8,'2023-08-11 08:39:23.971834',4),
(723,75,20,'2023-08-16 08:39:23.971834',4),
(724,2,39,'2023-08-02 08:39:23.971834',4),
(725,22,14,'2023-08-22 08:39:23.971834',1),
(726,26,12,'2023-08-03 08:39:23.971834',2),
(727,11,24,'2023-09-11 08:39:23.971834',3),
(728,42,39,'2023-07-28 08:39:23.971834',3),
(729,14,12,'2023-07-24 08:39:23.971834',2),
(730,52,41,'2023-09-04 08:39:23.971834',1),
(731,67,32,'2023-09-12 08:39:23.971834',3),
(732,83,4,'2023-08-10 08:39:23.971834',3),
(733,85,3,'2023-09-03 08:39:23.971834',4),
(734,8,8,'2023-08-17 08:39:23.971834',1),
(735,41,3,'2023-08-11 08:39:23.971834',4),
(736,57,26,'2023-08-03 08:39:23.971834',1),
(737,86,47,'2023-07-20 08:39:23.971834',3),
(738,38,6,'2023-09-08 08:39:23.971834',4),
(739,47,17,'2023-08-26 08:39:23.971834',3),
(740,84,9,'2023-09-12 08:39:23.971834',3),
(741,91,18,'2023-09-08 08:39:23.971834',4),
(742,56,29,'2023-07-29 08:39:23.971834',2),
(743,7,15,'2023-08-22 08:39:23.971834',3),
(744,1,7,'2023-09-10 08:39:23.971834',1),
(745,9,14,'2023-08-29 08:39:23.971834',1),
(746,86,29,'2023-08-29 08:39:23.971834',1),
(747,38,4,'2023-09-09 08:39:23.971834',3),
(748,68,45,'2023-07-27 08:39:23.971834',3),
(749,47,39,'2023-08-15 08:39:23.971834',4),
(750,42,48,'2023-08-18 08:39:23.971834',1),
(751,93,5,'2023-09-08 08:39:23.971834',2),
(752,64,1,'2023-09-15 08:39:23.971834',4),
(753,58,12,'2023-08-06 08:39:23.971834',3),
(754,40,39,'2023-07-30 08:39:23.971834',4),
(755,66,7,'2023-09-01 08:39:23.971834',1),
(756,52,21,'2023-08-22 08:39:23.971834',2),
(757,62,7,'2023-07-21 08:39:23.971834',1),
(758,70,17,'2023-08-27 08:39:23.971834',3),
(759,59,1,'2023-08-08 08:39:23.971834',2),
(760,92,4,'2023-08-18 08:39:23.971834',2),
(761,96,6,'2023-07-26 08:39:23.971834',3),
(762,41,48,'2023-07-25 08:39:23.971834',4),
(763,74,40,'2023-07-24 08:39:23.971834',3),
(764,54,17,'2023-07-22 08:39:23.971834',3),
(765,8,26,'2023-09-13 08:39:23.971834',4),
(766,100,31,'2023-08-29 08:39:23.971834',2),
(767,48,28,'2023-08-29 08:39:23.971834',1),
(768,70,12,'2023-08-05 08:39:23.971834',1),
(769,42,41,'2023-07-27 08:39:23.971834',1),
(770,29,1,'2023-08-29 08:39:23.971834',3),
(771,86,34,'2023-08-13 08:39:23.971834',3),
(772,12,26,'2023-08-12 08:39:23.971834',1),
(773,4,15,'2023-09-10 08:39:23.971834',3),
(774,19,49,'2023-09-16 08:39:23.971834',4),
(775,36,35,'2023-08-11 08:39:23.971834',3),
(776,47,41,'2023-08-30 08:39:23.971834',1),
(777,18,44,'2023-07-26 08:39:23.971834',1),
(778,28,39,'2023-09-14 08:39:23.971834',3),
(779,55,20,'2023-08-03 08:39:23.971834',2),
(780,74,43,'2023-09-09 08:39:23.971834',3),
(781,20,35,'2023-08-28 08:39:23.971834',2),
(782,72,39,'2023-08-13 08:39:23.971834',4),
(783,72,22,'2023-08-20 08:39:23.971834',4),
(784,44,21,'2023-08-09 08:39:23.971834',2),
(785,45,27,'2023-08-07 08:39:23.971834',2),
(786,47,36,'2023-08-24 08:39:23.971834',2),
(787,35,28,'2023-08-21 08:39:23.971834',2),
(788,34,4,'2023-08-09 08:39:23.971834',4),
(789,75,26,'2023-08-13 08:39:23.971834',4),
(790,70,8,'2023-08-21 08:39:23.971834',3),
(791,93,5,'2023-08-16 08:39:23.971834',1),
(792,47,5,'2023-09-02 08:39:23.971834',2),
(793,33,10,'2023-09-16 08:39:23.971834',2),
(794,84,5,'2023-08-25 08:39:23.971834',2),
(795,40,34,'2023-08-07 08:39:23.971834',3),
(796,31,50,'2023-08-11 08:39:23.971834',1),
(797,96,11,'2023-08-23 08:39:23.971834',2),
(798,48,24,'2023-08-20 08:39:23.971834',2),
(799,2,49,'2023-09-08 08:39:23.971834',3),
(800,33,33,'2023-08-07 08:39:23.971834',2),
(801,64,14,'2023-08-03 08:39:23.971834',1),
(802,46,22,'2023-07-27 08:39:23.971834',1),
(803,56,29,'2023-07-31 08:39:23.971834',2),
(804,65,24,'2023-07-30 08:39:23.971834',3),
(805,86,49,'2023-09-15 08:39:23.971834',1),
(806,23,6,'2023-09-16 08:39:23.971834',3),
(807,28,3,'2023-08-27 08:39:23.971834',1),
(808,6,1,'2023-08-30 08:39:23.971834',4),
(809,36,10,'2023-08-11 08:39:23.971834',1),
(810,36,8,'2023-07-20 08:39:23.971834',2),
(811,68,30,'2023-08-23 08:39:23.971834',1),
(812,29,22,'2023-08-06 08:39:23.971834',2),
(813,92,17,'2023-08-31 08:39:23.971834',1),
(814,10,15,'2023-09-10 08:39:23.971834',1),
(815,44,20,'2023-07-26 08:39:23.971834',1),
(816,4,38,'2023-07-23 08:39:23.971834',2),
(817,12,27,'2023-08-29 08:39:23.971834',4),
(818,52,13,'2023-09-17 08:39:23.971834',1),
(819,87,16,'2023-08-16 08:39:23.971834',4),
(820,5,20,'2023-08-01 08:39:23.971834',1),
(821,30,19,'2023-08-28 08:39:23.971834',3),
(822,61,43,'2023-08-10 08:39:23.971834',3),
(823,45,3,'2023-08-14 08:39:23.971834',1),
(824,3,17,'2023-07-20 08:39:23.971834',2),
(825,95,12,'2023-09-01 08:39:23.971834',3),
(826,70,36,'2023-08-23 08:39:23.971834',2),
(827,48,10,'2023-07-21 08:39:23.971834',1),
(828,77,10,'2023-09-06 08:39:23.971834',3),
(829,18,31,'2023-09-01 08:39:23.971834',4),
(830,80,23,'2023-08-26 08:39:23.971834',2),
(831,57,43,'2023-09-04 08:39:23.971834',2),
(832,42,21,'2023-09-01 08:39:23.971834',3),
(833,25,42,'2023-08-14 08:39:23.971834',1),
(834,86,20,'2023-08-12 08:39:23.971834',1),
(835,4,5,'2023-08-31 08:39:23.971834',4),
(836,61,47,'2023-09-09 08:39:23.971834',3),
(837,47,16,'2023-07-24 08:39:23.971834',2),
(838,32,34,'2023-09-10 08:39:23.971834',3),
(839,71,1,'2023-07-27 08:39:23.971834',4),
(840,52,48,'2023-08-18 08:39:23.971834',3),
(841,98,16,'2023-07-21 08:39:23.971834',3),
(842,48,14,'2023-08-12 08:39:23.971834',4),
(843,12,10,'2023-08-12 08:39:23.971834',1),
(844,63,50,'2023-08-13 08:39:23.971834',1),
(845,9,43,'2023-08-14 08:39:23.971834',2),
(846,63,11,'2023-07-25 08:39:23.971834',3),
(847,4,50,'2023-08-11 08:39:23.971834',4),
(848,56,40,'2023-09-07 08:39:23.971834',4),
(849,55,35,'2023-08-05 08:39:23.971834',3),
(850,42,40,'2023-08-20 08:39:23.971834',3),
(851,55,49,'2023-09-06 08:39:23.971834',4),
(852,26,45,'2023-07-20 08:39:23.971834',4),
(853,7,45,'2023-09-08 08:39:23.971834',3),
(854,72,43,'2023-07-23 08:39:23.971834',1),
(855,64,2,'2023-08-22 08:39:23.971834',1),
(856,94,9,'2023-08-20 08:39:23.971834',2),
(857,70,1,'2023-07-26 08:39:23.971834',2),
(858,39,12,'2023-09-10 08:39:23.971834',4),
(859,68,27,'2023-07-20 08:39:23.971834',3),
(860,8,31,'2023-07-28 08:39:23.971834',2),
(861,44,44,'2023-08-13 08:39:23.971834',3),
(862,24,43,'2023-07-26 08:39:23.971834',1),
(863,89,20,'2023-07-31 08:39:23.971834',1),
(864,30,22,'2023-07-24 08:39:23.971834',1),
(865,52,48,'2023-09-11 08:39:23.971834',2),
(866,18,2,'2023-08-26 08:39:23.971834',3),
(867,57,19,'2023-07-27 08:39:23.971834',2),
(868,44,29,'2023-09-13 08:39:23.971834',4),
(869,34,12,'2023-08-14 08:39:23.971834',3),
(870,49,50,'2023-09-09 08:39:23.971834',4),
(871,79,40,'2023-08-31 08:39:23.971834',2),
(872,43,10,'2023-07-25 08:39:23.971834',1),
(873,81,25,'2023-08-26 08:39:23.971834',2),
(874,2,5,'2023-07-24 08:39:23.971834',1),
(875,54,27,'2023-08-31 08:39:23.971834',3),
(876,65,44,'2023-09-15 08:39:23.971834',1),
(877,57,22,'2023-08-01 08:39:23.971834',2),
(878,16,15,'2023-08-05 08:39:23.971834',3),
(879,81,30,'2023-09-15 08:39:23.971834',2),
(880,73,2,'2023-07-25 08:39:23.971834',4),
(881,21,15,'2023-08-02 08:39:23.971834',2),
(882,62,1,'2023-07-31 08:39:23.971834',2),
(883,64,16,'2023-08-11 08:39:23.971834',1),
(884,55,34,'2023-08-31 08:39:23.971834',3),
(885,44,33,'2023-08-28 08:39:23.971834',2),
(886,26,38,'2023-07-20 08:39:23.971834',4),
(887,1,6,'2023-08-13 08:39:23.971834',1),
(888,50,31,'2023-09-06 08:39:23.971834',2),
(889,40,42,'2023-08-16 08:39:23.971834',3),
(890,3,48,'2023-09-13 08:39:23.971834',1),
(891,71,10,'2023-08-19 08:39:23.971834',2),
(892,4,8,'2023-08-13 08:39:23.971834',2),
(893,31,31,'2023-08-17 08:39:23.971834',1),
(894,14,22,'2023-08-13 08:39:23.971834',3),
(895,21,31,'2023-08-19 08:39:23.971834',4),
(896,76,42,'2023-09-15 08:39:23.971834',3),
(897,12,9,'2023-09-10 08:39:23.971834',4),
(898,6,2,'2023-09-04 08:39:23.971834',3),
(899,17,46,'2023-08-21 08:39:23.971834',1),
(900,78,22,'2023-09-04 08:39:23.971834',4),
(901,63,9,'2023-08-24 08:39:23.971834',1),
(902,9,46,'2023-08-11 08:39:23.971834',2),
(903,28,50,'2023-09-05 08:39:23.971834',1),
(904,7,1,'2023-07-28 08:39:23.971834',4),
(905,43,28,'2023-07-23 08:39:23.971834',2),
(906,5,49,'2023-08-25 08:39:23.971834',4),
(907,16,26,'2023-09-10 08:39:23.971834',4),
(908,61,30,'2023-08-03 08:39:23.971834',1),
(909,1,8,'2023-08-25 08:39:23.971834',3),
(910,40,27,'2023-09-17 08:39:23.971834',3),
(911,38,32,'2023-08-06 08:39:23.971834',1),
(912,7,15,'2023-09-17 08:39:23.971834',1),
(913,94,20,'2023-08-08 08:39:23.971834',3),
(914,59,9,'2023-08-13 08:39:23.971834',3),
(915,26,40,'2023-08-13 08:39:23.971834',1),
(916,77,30,'2023-08-24 08:39:23.971834',3),
(917,65,24,'2023-09-08 08:39:23.971834',1),
(918,63,14,'2023-07-21 08:39:23.971834',1),
(919,53,41,'2023-08-01 08:39:23.971834',1),
(920,51,2,'2023-08-09 08:39:23.971834',1),
(921,50,26,'2023-07-27 08:39:23.971834',1),
(922,29,25,'2023-08-11 08:39:23.971834',1),
(923,72,31,'2023-09-02 08:39:23.971834',2),
(924,66,42,'2023-09-14 08:39:23.971834',1),
(925,51,17,'2023-08-04 08:39:23.971834',1),
(926,8,12,'2023-08-21 08:39:23.971834',2),
(927,27,40,'2023-08-22 08:39:23.971834',3),
(928,41,8,'2023-08-02 08:39:23.971834',1),
(929,62,39,'2023-07-21 08:39:23.971834',1),
(930,49,22,'2023-07-23 08:39:23.971834',2),
(931,23,25,'2023-08-28 08:39:23.971834',3),
(932,15,38,'2023-09-14 08:39:23.971834',1),
(933,64,44,'2023-08-25 08:39:23.971834',1),
(934,96,37,'2023-08-27 08:39:23.971834',4),
(935,86,33,'2023-08-16 08:39:23.971834',2),
(936,53,10,'2023-09-16 08:39:23.971834',3),
(937,8,50,'2023-08-23 08:39:23.971834',3),
(938,37,41,'2023-09-03 08:39:23.971834',3),
(939,81,17,'2023-08-27 08:39:23.971834',4),
(940,71,36,'2023-09-05 08:39:23.971834',3),
(941,21,4,'2023-08-14 08:39:23.971834',2),
(942,39,40,'2023-08-05 08:39:23.971834',2),
(943,5,38,'2023-09-06 08:39:23.971834',1),
(944,17,4,'2023-09-08 08:39:23.971834',1),
(945,99,41,'2023-07-29 08:39:23.971834',2),
(946,57,36,'2023-08-14 08:39:23.971834',3),
(947,15,2,'2023-07-20 08:39:23.971834',1),
(948,16,4,'2023-08-04 08:39:23.971834',1),
(949,89,12,'2023-09-11 08:39:23.971834',3),
(950,15,4,'2023-08-05 08:39:23.971834',1),
(951,11,47,'2023-08-31 08:39:23.971834',2),
(952,5,13,'2023-08-25 08:39:23.971834',4),
(953,85,33,'2023-07-27 08:39:23.971834',4),
(954,53,40,'2023-08-12 08:39:23.971834',2),
(955,76,1,'2023-09-07 08:39:23.971834',1),
(956,54,48,'2023-08-29 08:39:23.971834',2),
(957,94,24,'2023-08-27 08:39:23.971834',1),
(958,68,8,'2023-09-03 08:39:23.971834',1),
(959,45,2,'2023-08-26 08:39:23.971834',2),
(960,91,35,'2023-09-07 08:39:23.971834',2),
(961,92,14,'2023-08-26 08:39:23.971834',2),
(962,3,31,'2023-07-24 08:39:23.971834',4),
(963,61,22,'2023-08-23 08:39:23.971834',4),
(964,67,18,'2023-08-11 08:39:23.971834',1),
(965,24,24,'2023-09-16 08:39:23.971834',2),
(966,29,36,'2023-09-07 08:39:23.971834',3),
(967,54,34,'2023-08-19 08:39:23.971834',1),
(968,19,7,'2023-09-17 08:39:23.971834',1),
(969,60,25,'2023-08-22 08:39:23.971834',4),
(970,66,35,'2023-08-16 08:39:23.971834',3),
(971,69,41,'2023-07-27 08:39:23.971834',3),
(972,37,39,'2023-08-02 08:39:23.971834',4),
(973,82,10,'2023-08-14 08:39:23.971834',1),
(974,25,25,'2023-08-26 08:39:23.971834',4),
(975,90,30,'2023-08-20 08:39:23.971834',3),
(976,77,6,'2023-08-25 08:39:23.971834',4),
(977,35,49,'2023-09-16 08:39:23.971834',2),
(978,86,49,'2023-09-07 08:39:23.971834',2),
(979,57,26,'2023-09-05 08:39:23.971834',1),
(980,64,5,'2023-09-11 08:39:23.971834',1),
(981,74,47,'2023-08-28 08:39:23.971834',4),
(982,37,39,'2023-07-28 08:39:23.971834',2),
(983,42,1,'2023-08-07 08:39:23.971834',1),
(984,7,15,'2023-08-09 08:39:23.971834',2),
(985,18,10,'2023-08-14 08:39:23.971834',4),
(986,32,37,'2023-08-28 08:39:23.971834',3),
(987,7,48,'2023-08-18 08:39:23.971834',3),
(988,51,29,'2023-07-22 08:39:23.971834',3),
(989,17,16,'2023-08-29 08:39:23.971834',1),
(990,31,3,'2023-09-08 08:39:23.971834',3),
(991,29,37,'2023-08-06 08:39:23.971834',2),
(992,76,8,'2023-08-29 08:39:23.971834',4),
(993,33,18,'2023-08-28 08:39:23.971834',2),
(994,90,32,'2023-08-22 08:39:23.971834',2),
(995,39,44,'2023-07-23 08:39:23.971834',4),
(996,30,42,'2023-08-15 08:39:23.971834',4),
(997,3,16,'2023-09-11 08:39:23.971834',2),
(998,84,29,'2023-09-05 08:39:23.971834',2),
(999,77,43,'2023-08-13 08:39:23.971834',4),
(1000,19,32,'2023-09-07 08:39:23.971834',3);

CREATE TABLE furn_products_data(
	product_id INT NULL,
	product_name VARCHAR(50) NULL,
	purchase_price INT NULL,
	product_category VARCHAR(50) NULL
);

INSERT INTO furn_products_data
VALUES
(1,'Ektorp Sofa',694,'Sofas & Armchairs'),
(2,'Poäng Armchair',569,'Sofas & Armchairs'),
(3,'Klippan Loveseat',639,'Sofas & Armchairs'),
(4,'Malm Bed Frame',202,'Beds'),
(5,'Hemnes Daybed',845,'Beds'),
(6,'Brimnes Bed Storage',773,'Beds'),
(7,'Lack Side Table',717,'Tables & Desks'),
(8,'Melltorp Dining Table',369,'Tables & Desks'),
(9,'Micke Desk',19,'Tables & Desks'),
(10,'Kallax Shelving Unit',733,'Storage Solutions'),
(11,'Billy Bookcase',287,'Storage Solutions'),
(12,'Raskog Trolley',764,'Storage Solutions'),
(13,'Terje Folding Chair',814,'Chairs'),
(14,'Ingolf Bar Stool',609,'Chairs'),
(15,'Bernhard Chair',80,'Chairs'),
(16,'Ranarp Lamp',482,'Lighting'),
(17,'Sinnerlig Pendant Lamp',610,'Lighting'),
(18,'Skurup Ceiling Lamp',406,'Lighting'),
(19,'Ribba Frame',324,'Decor'),
(20,'Pjatteryd Picture',715,'Decor'),
(21,'Stockholm Mirror',496,'Decor'),
(22,'Nordli Chest Drawers',561,'Decor'),
(23,'Stuva Loft Bed',97,'Beds'),
(24,'Askvoll Wardrobe',184,'Storage Solutions'),
(25,'Rens Sheepskin Rug',610,'Decor'),
(26,'Docksta Table',859,'Tables & Desks'),
(27,'Ivar Cabinet',687,'Storage Solutions'),
(28,'Tarva Nightstand',547,'Decor'),
(29,'Råskog Stool',855,'Chairs'),
(30,'Strandmon Wing Chair',82,'Chairs'),
(31,'Nockeby Sofa',787,'Sofas & Armchairs'),
(32,'Kivik Chaise',926,'Sofas & Armchairs'),
(33,'Lerhamn Chair',125,'Chairs'),
(34,'Fjälla Storage Box',986,'Storage Solutions'),
(35,'Rugveda Coffee Table',765,'Tables & Desks'),
(36,'Gronlid Armchair',719,'Decor'),
(37,'Fredde Desk',857,'Tables & Desks'),
(38,'Bekant Conference Table',441,'Tables & Desks'),
(39,'Mackapar Shoe Storage',458,'Storage Solutions'),
(40,'Lommarp Bookcase',860,'Storage Solutions'),
(41,'Tingby Side Table',109,'Tables & Desks'),
(42,'Småstad Wardrobe',994,'Storage Solutions'),
(43,'Sjöpenna Floor Lamp',187,'Lighting'),
(44,'Koppang Dresser',765,'Decor'),
(45,'Hektar Work Lamp',807,'Lighting'),
(46,'Valje Wall Cabinet',669,'Storage Solutions'),
(47,'Nymö Lamp Shade',157,'Lighting'),
(48,'Bestå TV Bench',920,'Decor'),
(49,'Söderhamn Sofa Section',433,'Sofas & Armchairs'),
(50,'Mörbylånga Table',298,'Tables & Desks');

CREATE TABLE furn_ratings_data(
	customer_id INT NULL,
	product_id INT NULL,
	product_rating INT NULL
);

INSERT INTO furn_ratings_data
VALUES
(83,31,2),
(73,38,3),
(2,18,1),
(100,39,3),
(47,16,1),
(56,2,1),
(11,16,5),
(75,42,1),
(25,23,2),
(96,46,2),
(44,18,1),
(92,45,5),
(14,23,3),
(79,14,5),
(56,48,5),
(6,3,3),
(24,12,2),
(43,10,4),
(50,41,5),
(76,48,2),
(57,5,1),
(44,11,5),
(25,50,5),
(82,7,1),
(22,45,4),
(95,9,4),
(19,9,3),
(64,9,1),
(90,45,2),
(30,38,2),
(38,19,4),
(50,3,3),
(41,6,3),
(96,30,2),
(12,38,3),
(57,37,4),
(64,43,4),
(15,30,3),
(33,28,4),
(66,18,4),
(66,12,3),
(37,50,4),
(26,9,1),
(77,25,4),
(73,4,5),
(51,49,2),
(13,12,1),
(25,16,3),
(20,4,2),
(68,37,5),
(11,40,2),
(8,22,4),
(53,30,2),
(93,4,3),
(15,12,4),
(73,16,4),
(47,46,5),
(100,27,2),
(36,16,5),
(82,34,4),
(24,12,4),
(62,6,5),
(54,31,4),
(13,5,2),
(46,33,1),
(8,38,5),
(48,44,3),
(40,46,1),
(95,30,3),
(20,28,4),
(51,40,1),
(66,28,4),
(44,30,4),
(83,9,5),
(79,12,3),
(90,34,2),
(57,15,5),
(73,39,5),
(51,12,3),
(35,11,5),
(91,26,3),
(12,33,5),
(12,41,1),
(37,7,3),
(50,31,2),
(77,23,5),
(82,12,1),
(96,36,2),
(75,21,5),
(49,5,5),
(75,5,4),
(12,50,5),
(94,30,2),
(35,28,2),
(75,48,1),
(77,20,4),
(40,41,1),
(11,27,1),
(3,27,5),
(76,10,1),
(47,32,3),
(52,31,4),
(42,18,5),
(92,8,3),
(4,36,2),
(17,10,4),
(64,29,2),
(65,48,2),
(14,49,5),
(39,8,3),
(5,4,4),
(4,8,5),
(20,9,1),
(82,38,4),
(17,6,5),
(72,34,4),
(25,29,4),
(12,47,5),
(23,39,2),
(61,50,2),
(92,9,5),
(3,2,4),
(9,3,2),
(73,17,3),
(90,3,1),
(39,12,1),
(53,32,3),
(98,11,3),
(89,21,3),
(64,37,4),
(22,15,2),
(5,8,3),
(32,30,5),
(76,6,1),
(38,15,1),
(8,47,3),
(23,16,2),
(43,33,3),
(60,24,5),
(96,28,3),
(55,7,4),
(74,10,3),
(52,2,4),
(83,12,2),
(24,24,2),
(84,7,5),
(26,41,2),
(58,37,4),
(70,13,2),
(90,36,4),
(46,6,5),
(89,13,4),
(52,19,3),
(60,1,2),
(45,2,1),
(27,21,3),
(44,14,4),
(33,27,3),
(31,49,3),
(15,44,3),
(72,22,3),
(97,15,4),
(62,14,2),
(2,41,2),
(48,4,3),
(44,42,1),
(91,18,2),
(16,6,4),
(69,27,4),
(75,28,2),
(86,44,4),
(40,46,4),
(95,42,5),
(87,14,4),
(1,46,2),
(82,49,2),
(59,18,1),
(13,23,3),
(92,32,2),
(44,26,4),
(55,29,1),
(48,14,5),
(23,8,1),
(32,27,4),
(35,18,2),
(99,5,1),
(43,44,4),
(69,48,5),
(63,31,1),
(37,29,4),
(84,9,3),
(45,28,2),
(82,7,4),
(71,8,3),
(7,27,2),
(49,12,2),
(10,38,2),
(29,30,3),
(78,50,1),
(57,21,3),
(10,30,3),
(86,29,4),
(67,24,4),
(10,10,5),
(37,1,3),
(29,39,3),
(65,20,5),
(75,8,3),
(14,39,3),
(3,4,5),
(38,31,5),
(72,38,5),
(88,42,2),
(95,6,4),
(82,17,5),
(4,27,2),
(99,32,4),
(81,7,5),
(83,26,3),
(51,12,3),
(62,18,4),
(83,32,1),
(29,32,4),
(36,21,2),
(54,27,3),
(27,40,3),
(43,11,5),
(47,39,2),
(70,5,1),
(29,40,2),
(44,16,2),
(84,14,2),
(63,36,2),
(75,39,1),
(75,12,2),
(10,40,1),
(92,12,4),
(100,49,2),
(76,37,5),
(97,19,1),
(39,12,1),
(32,35,2),
(23,17,5),
(92,29,5),
(58,10,2),
(22,38,5),
(98,9,1),
(62,18,2),
(42,49,2),
(100,45,2),
(42,29,4),
(24,26,2),
(53,31,3),
(24,38,3),
(73,31,1),
(42,19,4),
(61,13,4),
(48,2,5),
(16,28,2),
(37,11,3),
(66,4,4),
(95,17,3),
(43,28,3),
(1,7,2),
(84,1,3),
(7,8,1),
(94,26,1),
(68,4,4),
(32,37,4),
(30,45,5),
(17,22,3),
(68,50,4),
(27,9,2),
(7,48,4),
(12,39,1),
(82,43,3),
(56,34,1),
(44,37,4),
(68,5,4),
(21,28,1),
(92,14,5),
(93,14,5),
(15,42,4),
(15,9,5),
(81,7,1),
(100,31,3),
(64,13,4),
(44,35,2),
(28,4,5),
(88,41,5),
(21,17,2),
(24,6,2),
(35,41,1),
(33,30,1),
(66,23,5),
(23,38,3),
(22,24,1),
(58,37,1),
(69,44,4),
(46,35,4),
(40,7,1),
(25,7,3),
(87,25,5),
(18,13,2),
(53,18,1),
(91,32,3),
(9,49,3),
(6,38,3),
(98,1,1),
(87,11,1),
(83,50,3),
(11,45,3),
(63,5,1),
(30,32,5),
(12,11,1),
(31,30,4),
(72,34,3),
(59,42,5),
(95,49,2),
(43,14,1),
(86,20,3),
(72,42,1),
(26,13,2),
(55,45,1),
(84,44,5),
(26,17,2),
(46,38,4),
(4,15,4),
(85,37,3),
(84,5,4),
(38,48,1),
(34,1,5),
(61,50,4),
(90,38,3),
(8,12,1),
(61,45,3),
(38,6,3),
(85,41,5),
(99,47,5),
(17,17,3),
(46,17,3),
(40,11,4),
(34,6,4),
(98,24,2),
(66,48,5),
(74,4,4),
(88,39,3),
(69,49,4),
(25,19,2),
(7,31,4),
(98,17,3),
(61,32,4),
(89,43,4),
(62,48,5),
(60,22,5),
(75,34,2),
(30,11,2),
(29,45,4),
(25,32,5),
(4,20,5),
(83,3,4),
(22,20,5),
(7,32,1),
(85,20,3),
(22,40,1),
(28,40,1),
(27,34,1),
(90,45,5),
(65,45,4),
(4,31,2),
(54,40,3),
(38,13,3),
(8,17,1),
(81,17,2),
(76,7,4),
(12,5,2),
(3,46,2),
(55,21,3),
(6,31,5),
(18,13,1),
(79,34,5),
(6,27,3),
(79,19,2),
(82,7,1),
(31,3,4),
(99,27,4),
(4,47,2),
(1,26,5),
(94,14,5),
(45,28,1),
(45,38,3),
(62,46,5),
(1,22,4),
(18,44,4),
(30,6,4),
(92,50,5),
(35,26,2),
(60,13,5),
(22,7,5),
(64,48,1);

SELECT * FROM furn_customers_data;

SELECT * FROM furn_orders_data;

SELECT * FROM furn_products_data;

SELECT * FROM furn_ratings_data;

-- SQL Queries

-- Total Quantity

SELECT SUM(quantity) AS Total_Qauntity 
FROM furn_orders_data;

-- Total Products

SELECT SUM(DISTINCT(product_id)) AS Total_Product_IDs
FROM furn_orders_data;

-- Top 10 Product Name 

SELECT Top 10 product_name, 
SUM(DISTINCT(purchase_price)) AS Total_Product_Price
FROM furn_products_data
GROUP BY product_name
ORDER BY Total_Product_Price DESC;

-- Bottom 10 Product Name 

SELECT Top 10 product_name, 
SUM(DISTINCT(purchase_price)) AS Total_Product_Price
FROM furn_products_data
GROUP BY product_name
ORDER BY Total_Product_Price;

-- Top 5 Product Category

SELECT Top 5 product_category, 
SUM(DISTINCT(purchase_price)) AS Total_Product_Price_By_Category
FROM furn_products_data
GROUP BY product_category
ORDER BY Total_Product_Price_By_Category DESC;

-- Bottom 5 Product Category 

SELECT Top 5 product_category, 
SUM(DISTINCT(purchase_price)) AS Total_Product_Price_By_Category
FROM furn_products_data
GROUP BY product_category
ORDER BY Total_Product_Price_By_Category;

-- Top 5 Product Category

SELECT Top 10 product_id, 
SUM(DISTINCT(product_rating)) AS Total_Product_Ratings
FROM furn_ratings_data
GROUP BY product_id
ORDER BY Total_Product_Ratings DESC;

-- Bottom 5 Product Category

SELECT Top 10 product_id, 
SUM(DISTINCT(product_rating)) AS Total_Product_Ratings
FROM furn_ratings_data
GROUP BY product_id
ORDER BY Total_Product_Ratings;

SELECT Top 10 product_name
FROM furn_products_data


-- Joins

SELECT *
FROM furn_customers_data
INNER JOIN furn_orders_data
	ON furn_customers_data.customer_id = furn_orders_data.customer_id;

SELECT * FROM furn_products_data
INNER JOIN furn_ratings_data
	ON furn_products_data.product_id = furn_ratings_data.product_id;
	
SELECT *
FROM furn_customers_data
LEFT JOIN furn_orders_data
	ON furn_customers_data.customer_id = furn_orders_data.customer_id;

SELECT * FROM furn_products_data
LEFT JOIN furn_ratings_data
	ON furn_products_data.product_id = furn_ratings_data.product_id;

SELECT customer_name
FROM furn_customers_data
INNER JOIN furn_orders_data
	ON furn_customers_data.customer_id = furn_orders_data.customer_id
WHERE quantity = 4
GROUP BY customer_name;
