invoice_id,invoice_date,posting_date,store_id,customer_id,product_id,quantity,unit_price,gross_amount,discount_amount,net_amount,created_by
INV000001,2024/03/23,2024/03/25,S005,C001,P020,6,249000,1494000,201300,1292700,u_andika
INV000002,2024/02/27,2024/02/28,S003,C031,P002,4,299000,1196000,108000,1088000,u_bella
INV000003,2024/02/13,2024/02/16,S004,C009,P025,9,149000,1341000,194900,1146100,u_citra
INV000004,2024/12/03,2024/12/04,S005,C022,P009,9,299000,2691000,556000,2135000,u_gita
INV000005,2024/04/18,2024/04/20,S002,C040,P013,6,249000,1494000,124900,1369100,u_hanif
INV000006,2024/03/02,2024/03/02,S002,C009,P011,1,299000,299000,25000,274000,u_dwi
INV000007,2024/10/28,2024/10/28,S001,C010,P023,1,149000,149000,31400,117600,u_bella
INV000008,2024/01/17,2024/01/18,S001,C066,P008,5,349000,1745000,268200,1476800,u_hanif
INV000009,2024/04/19,2024/04/21,S002,C074,P019,8,149000,1192000,80000,1112000,u_hanif
INV000010,2024/07/27,2024/07/27,S001,C013,P022,7,199000,1393000,192200,1200800,u_gita
INV000011,2024/07/29,2024/07/30,S001,C013,P002,7,349000,2443000,165100,2277900,u_fajar
INV000012,2024/02/25,2024/02/25,S002,C025,P018,8,149000,1192000,80300,1111700,u_gita
INV000013,2024/04/03,2024/04/04,S004,C032,P003,8,299000,2392000,279700,2112300,u_bella
INV000014,2024/01/26,2024/01/29,S005,C002,P003,4,149000,596000,0,596000,u_gita
INV000015,2024/09/05,2024/09/06,S002,C052,P002,3,249000,747000,0,747000,u_andika
INV000016,2024/07/18,2024/07/19,S004,C037,P014,9,349000,3141000,190500,2950500,u_hanif
INV000017,2024/03/20,2024/03/20,S003,C028,P002,10,349000,3490000,101600,3388400,u_andika
INV000018,2024/06/09,2024/06/09,S001,C075,P016,9,299000,2691000,328300,2362700,u_citra
INV000019,2024/01/30,2024/02/01,S001,C024,P003,10,99000,990000,36100,953900,u_dwi
INV000020,2024/07/25,2024/07/25,S005,C032,P019,10,99000,990000,1100,988900,u_bella
INV000021,2024/08/02,2024/08/05,S005,C073,P017,6,199000,1194000,241900,952100,u_dwi
INV000022,2024/12/08,2024/12/11,S003,C031,P009,7,149000,1043000,87800,955200,u_eka
INV000023,2024/08/22,2024/08/23,S001,C002,P015,10,299000,2990000,313100,2676900,u_bella
INV000024,2024/02/07,2024/02/09,S002,C065,P009,3,199000,597000,200,596800,u_bella
INV000025,2024/05/05,2024/05/06,S003,C021,P015,9,349000,3141000,194400,2946600,u_eka
INV000026,2024/11/09,2024/11/12,S005,C002,P022,9,199000,1791000,193000,1598000,u_bella
INV000027,2024/03/09,2024/03/10,S001,C014,P024,9,149000,1341000,26100,1314900,u_eka
INV000028,2024/05/24,2024/05/26,S002,C044,P007,5,299000,1495000,188800,1306200,u_hanif
INV000029,2024/05/08,2024/05/08,S001,C055,P009,1,99000,99000,5700,93300,u_fajar
INV000030,2024/03/07,2024/03/10,S003,C021,P024,8,299000,2392000,190400,2201600,u_gita
INV000031,2024/10/14,2024/10/14,S001,C010,P023,3,299000,897000,51900,845100,u_andika
INV000032,2024/07/08,2024/07/10,S005,C019,P014,3,99000,297000,68200,228800,u_eka
INV000033,2024/07/05,2024/07/05,S003,C027,P022,4,349000,1396000,138300,1257700,u_bella
INV000034,2024/06/30,2024/07/02,S004,C080,P024,3,149000,447000,11600,435400,u_citra
INV000035,2024/03/31,2024/04/01,S001,C023,P024,6,249000,1494000,235400,1258600,u_dwi
INV000036,2024/05/16,2024/05/16,S001,C049,P002,8,149000,1192000,17300,1174700,u_dwi
INV000037,2024/08/23,2024/08/24,S003,C030,P008,1,349000,349000,40000,309000,u_dwi
INV000038,2024/07/23,2024/07/24,S003,C009,P025,5,199000,995000,0,995000,u_gita
INV000039,2024/12/13,2024/12/15,S003,C004,P004,5,149000,745000,5200,739800,u_eka
INV000040,2024/01/20,2024/01/20,S005,C056,P012,6,249000,1494000,170000,1324000,u_bella
INV000041,2024/07/16,2024/07/18,S002,C033,P002,7,99000,693000,105100,587900,u_dwi
INV000042,2024/07/05,2024/07/06,S001,C043,P020,6,349000,2094000,234500,1859500,u_bella
INV000043,2024/06/02,2024/06/04,S003,C053,P011,7,349000,2443000,224500,2218500,u_eka
INV000044,2024/10/10,2024/10/10,S002,C054,P022,7,349000,2443000,192800,2250200,u_citra
INV000045,2024/11/11,2024/11/13,S003,C052,P018,1,199000,199000,0,199000,u_eka
INV000046,2024/04/17,2024/04/18,S005,C078,P021,6,249000,1494000,74100,1419900,u_hanif
INV000047,2024/08/14,2024/08/17,S002,C066,P016,3,349000,1047000,70900,976100,u_bella
INV000048,2024/05/25,2024/05/27,S005,C043,P003,4,349000,1396000,242900,1153100,u_eka
INV000049,2024/04/25,2024/04/25,S002,C004,P002,4,249000,996000,123600,872400,u_bella
INV000050,2024/08/21,2024/08/22,S005,C025,P023,7,249000,1743000,0,1743000,u_gita
INV000051,2024/05/04,2024/05/04,S001,C014,P025,7,149000,1043000,128000,915000,u_citra
INV000052,2024/12/22,2024/12/24,S004,C007,P018,4,99000,396000,28900,367100,u_hanif
INV000053,2024/03/09,2024/03/10,S005,C072,P020,6,249000,1494000,78600,1415400,u_gita
INV000054,2024/10/07,2024/10/08,S002,C061,P015,5,149000,745000,106400,638600,u_eka
INV000055,2024/09/23,2024/09/24,S002,C036,P015,2,349000,698000,120200,577800,u_eka
INV000056,2024/04/30,2024/05/01,S003,C041,P018,2,149000,298000,49200,248800,u_citra
INV000057,2024/04/28,2024/04/29,S002,C028,P003,7,249000,1743000,71900,1671100,u_fajar
INV000058,2024/10/04,2024/10/05,S004,C008,P007,7,249000,1743000,136600,1606400,u_andika
INV000059,2024/10/21,2024/10/22,S004,C001,P012,5,249000,1245000,153400,1091600,u_gita
INV000060,2024/10/02,2024/10/05,S005,C078,P008,8,149000,1192000,200600,991400,u_eka
INV000061,2024/08/11,2024/08/12,S001,C050,P011,7,349000,2443000,162400,2280600,u_citra
INV000062,2024/08/27,2024/08/27,S005,C069,P001,7,299000,2093000,182100,1910900,u_andika
INV000063,2024/02/12,2024/02/15,S004,C018,P015,3,99000,297000,6700,290300,u_eka
INV000064,2024/07/13,2024/07/14,S002,C059,P011,6,249000,1494000,24300,1469700,u_eka
INV000065,2024/08/03,2024/08/04,S001,C061,P001,9,99000,891000,139800,751200,u_fajar
INV000066,2024/04/24,2024/04/27,S001,C006,P025,1,149000,149000,29000,120000,u_dwi
INV000067,2024/01/11,2024/01/13,S002,C031,P005,8,349000,2792000,265100,2526900,u_bella
INV000068,2024/10/15,2024/10/15,S004,C033,P025,6,149000,894000,152200,741800,u_bella
INV000069,2024/03/24,2024/03/25,S001,C075,P001,5,299000,1495000,187300,1307700,u_gita
INV000070,2024/07/22,2024/07/25,S002,C010,P019,4,99000,396000,21700,374300,u_eka
INV000071,2024/12/16,2024/12/18,S001,C073,P002,6,299000,1794000,224800,1569200,u_gita
INV000072,2024/12/04,2024/12/05,S001,C065,P021,6,99000,594000,123400,470600,u_gita
INV000073,2024/09/07,2024/09/07,S004,C047,P021,8,349000,2792000,272200,2519800,u_citra
INV000074,2024/08/10,2024/08/10,S005,C035,P020,9,249000,2241000,469500,1771500,u_hanif
INV000075,2024/08/11,2024/08/14,S005,C035,P011,4,99000,396000,0,396000,u_eka
INV000076,2024/08/18,2024/08/18,S004,C073,P020,7,199000,1393000,219400,1173600,u_andika
INV000077,2024/09/10,2024/09/11,S002,C063,P007,6,199000,1194000,126700,1067300,u_fajar
INV000078,2024/05/23,2024/05/25,S003,C072,P001,9,149000,1341000,106000,1235000,u_bella
INV000079,2024/05/03,2024/05/06,S004,C063,P018,4,349000,1396000,148600,1247400,u_hanif
INV000080,2024/11/26,2024/11/29,S004,C058,P001,2,199000,398000,0,398000,u_dwi
INV000081,2024/07/26,2024/07/29,S002,C040,P022,10,199000,1990000,168400,1821600,u_hanif
INV000082,2024/10/10,2024/10/12,S003,C055,P024,9,199000,1791000,223900,1567100,u_fajar
INV000083,2024/12/25,2024/12/26,S003,C040,P009,4,99000,396000,80600,315400,u_dwi
INV000084,2024/06/10,2024/06/10,S005,C024,P007,4,349000,1396000,89000,1307000,u_hanif
INV000085,2024/05/21,2024/05/24,S005,C068,P020,5,99000,495000,21500,473500,u_dwi
INV000086,2024/05/31,2024/05/31,S003,C023,P010,1,349000,349000,22600,326400,u_citra
INV000087,2024/05/20,2024/05/20,S001,C071,P010,3,349000,1047000,171800,875200,u_hanif
INV000088,2024/02/22,2024/02/22,S005,C037,P016,8,249000,1992000,245000,1747000,u_fajar
INV000089,2024/04/04,2024/04/04,S003,C062,P004,2,249000,498000,31300,466700,u_hanif
INV000090,2024/02/07,2024/02/09,S001,C020,P005,10,199000,1990000,270500,1719500,u_bella
INV000091,2024/05/07,2024/05/07,S005,C054,P020,10,299000,2990000,319300,2670700,u_dwi
INV000092,2024/09/24,2024/09/25,S004,C057,P010,10,249000,2490000,417800,2072200,u_eka
INV000093,2024/10/18,2024/10/20,S001,C079,P024,2,149000,298000,15200,282800,u_dwi
INV000094,2024/05/15,2024/05/18,S001,C021,P008,3,299000,897000,69100,827900,u_bella
INV000095,2024/03/21,2024/03/21,S004,C058,P023,10,249000,2490000,180700,2309300,u_eka
INV000096,2024/01/17,2024/01/17,S003,C037,P023,8,99000,792000,0,792000,u_dwi
INV000097,2024/05/15,2024/05/18,S005,C026,P014,2,299000,598000,72200,525800,u_dwi
INV000098,2024/11/27,2024/11/27,S003,C019,P003,1,149000,149000,17600,131400,u_eka
INV000099,2024/10/31,2024/11/03,S005,C037,P015,2,249000,498000,50000,448000,u_eka
INV000100,2024/12/24,2024/12/25,S003,C065,P018,8,249000,1992000,166500,1825500,u_bella
INV000101,2024/11/02,2024/11/02,S004,C042,P020,5,99000,495000,500,494500,u_bella
INV000102,2024/04/27,2024/04/30,S005,C076,P001,5,299000,1495000,105500,1389500,u_andika
INV000103,2024/03/30,2024/03/31,S005,C057,P009,3,299000,897000,68200,828800,u_gita
INV000104,2024/11/21,2024/11/22,S001,C061,P012,7,199000,1393000,61100,1331900,u_fajar
INV000105,2024/12/09,2024/12/09,S002,C043,P014,8,199000,1592000,141200,1450800,u_gita
INV000106,2024/10/08,2024/10/08,S004,C012,P011,5,199000,995000,127600,867400,u_bella
INV000107,2024/07/25,2024/07/27,S001,C070,P015,7,99000,693000,160800,532200,u_dwi
INV000108,2024/09/22,2024/09/23,S005,C064,P021,8,99000,792000,88900,703100,u_dwi
INV000109,2024/05/16,2024/05/18,S002,C037,P015,8,99000,792000,93500,698500,u_andika
INV000110,2024/11/18,2024/11/20,S002,C021,P010,9,99000,891000,84500,806500,u_gita
INV000111,2024/02/17,2024/02/17,S001,C060,P004,3,249000,747000,0,747000,u_eka
INV000112,2024/09/17,2024/09/20,S003,C054,P016,8,149000,1192000,117000,1075000,u_hanif
INV000113,2024/10/09,2024/10/09,S004,C025,P020,9,349000,3141000,327300,2813700,u_citra
INV000114,2024/02/05,2024/02/06,S004,C044,P017,5,99000,495000,134900,360100,u_eka
INV000115,2024/06/01,2024/06/03,S005,C063,P005,8,299000,2392000,207000,2185000,u_hanif
INV000116,2024/06/25,2024/06/26,S005,C070,P013,8,199000,1592000,192800,1399200,u_dwi
INV000117,2024/12/23,2024/12/23,S005,C050,P008,7,99000,693000,67600,625400,u_fajar
INV000118,2024/08/30,2024/09/02,S004,C050,P022,3,249000,747000,13600,733400,u_andika
INV000119,2024/03/05,2024/03/07,S005,C043,P004,8,99000,792000,142600,649400,u_hanif
INV000120,2024/01/08,2024/01/11,S002,C053,P021,3,99000,297000,45300,251700,u_hanif
INV000121,2024/05/15,2024/05/16,S005,C051,P021,2,199000,398000,61800,336200,u_gita
INV000122,2024/06/11,2024/06/14,S004,C070,P002,10,99000,990000,36000,954000,u_dwi
INV000123,2024/11/19,2024/11/22,S003,C030,P024,2,249000,498000,98700,399300,u_bella
INV000124,2024/11/20,2024/11/23,S001,C057,P006,5,99000,495000,900,494100,u_andika
INV000125,2024/06/15,2024/06/15,S003,C046,P012,7,149000,1043000,147100,895900,u_dwi
INV000126,2024/09/28,2024/09/29,S005,C024,P006,3,99000,297000,75200,221800,u_gita
INV000127,2024/11/13,2024/11/16,S002,C064,P019,3,149000,447000,13700,433300,u_hanif
INV000128,2024/11/22,2024/11/23,S004,C033,P022,1,249000,249000,15000,234000,u_eka
INV000129,2024/12/12,2024/12/14,S002,C010,P015,6,299000,1794000,191900,1602100,u_eka
INV000130,2024/11/23,2024/11/24,S003,C059,P010,4,249000,996000,64500,931500,u_hanif
INV000131,2024/02/24,2024/02/24,S004,C074,P012,10,199000,1990000,0,1990000,u_eka
INV000132,2024/01/12,2024/01/15,S004,C036,P001,10,349000,3490000,365700,3124300,u_andika
INV000133,2024/11/06,2024/11/09,S004,C037,P025,4,299000,1196000,30700,1165300,u_fajar
INV000134,2024/04/22,2024/04/25,S002,C080,P009,3,349000,1047000,139400,907600,u_bella
INV000135,2024/11/17,2024/11/20,S001,C040,P015,1,299000,299000,10700,288300,u_fajar
INV000136,2024/03/08,2024/03/08,S003,C042,P024,7,149000,1043000,217500,825500,u_dwi
INV000137,2024/03/08,2024/03/10,S003,C068,P017,5,149000,745000,33700,711300,u_eka
INV000138,2024/09/03,2024/09/04,S003,C015,P015,2,149000,298000,23100,274900,u_dwi
INV000139,2024/12/12,2024/12/15,S004,C072,P012,2,249000,498000,78200,419800,u_andika
INV000140,2024/05/15,2024/05/17,S001,C059,P012,5,299000,1495000,20700,1474300,u_gita
INV000141,2024/11/22,2024/11/23,S001,C030,P016,1,299000,299000,34700,264300,u_fajar
INV000142,2024/11/08,2024/11/08,S001,C060,P023,5,349000,1745000,334200,1410800,u_gita
INV000143,2024/02/29,2024/02/29,S001,C005,P010,8,99000,792000,0,792000,u_bella
INV000144,2024/04/30,2024/05/02,S002,C050,P015,6,349000,2094000,236500,1857500,u_gita
INV000145,2024/10/27,2024/10/30,S002,C054,P021,2,249000,498000,58900,439100,u_gita
INV000146,2024/05/23,2024/05/23,S003,C028,P015,8,149000,1192000,184400,1007600,u_fajar
INV000147,2024/02/20,2024/02/23,S003,C070,P021,6,99000,594000,8000,586000,u_gita
INV000148,2024/05/21,2024/05/21,S001,C059,P003,4,349000,1396000,10600,1385400,u_andika
INV000149,2024/01/26,2024/01/27,S002,C017,P019,4,99000,396000,54100,341900,u_dwi
INV000150,2024/10/27,2024/10/27,S002,C043,P025,3,299000,897000,108300,788700,u_andika
INV000151,2024/05/21,2024/05/21,S002,C070,P009,3,99000,297000,34900,262100,u_andika
INV000152,2024/03/08,2024/03/08,S003,C031,P019,6,99000,594000,73800,520200,u_citra
INV000153,2024/05/15,2024/05/15,S002,C054,P017,2,349000,698000,36600,661400,u_bella
INV000154,2024/08/31,2024/09/01,S003,C066,P019,2,249000,498000,57900,440100,u_dwi
INV000155,2024/11/10,2024/11/10,S005,C039,P015,1,99000,99000,11900,87100,u_hanif
INV000156,2024/07/24,2024/07/25,S001,C063,P023,8,99000,792000,39600,752400,u_bella
INV000157,2024/06/13,2024/06/15,S002,C009,P005,5,299000,1495000,344800,1150200,u_fajar
INV000158,2024/07/14,2024/07/16,S005,C038,P015,9,299000,2691000,358400,2332600,u_gita
INV000159,2024/02/20,2024/02/23,S001,C071,P024,4,249000,996000,16500,979500,u_hanif
INV000160,2024/04/26,2024/04/27,S003,C059,P013,7,349000,2443000,356600,2086400,u_bella
INV000161,2024/06/09,2024/06/10,S003,C033,P012,3,349000,1047000,33300,1013700,u_hanif
INV000162,2024/02/04,2024/02/04,S001,C012,P014,2,349000,698000,108300,589700,u_fajar
INV000163,2024/03/07,2024/03/09,S001,C076,P018,9,199000,1791000,324400,1466600,u_bella
INV000164,2024/07/29,2024/07/30,S004,C007,P010,10,199000,1990000,84700,1905300,u_fajar
INV000165,2024/02/23,2024/02/25,S005,C028,P005,8,149000,1192000,199600,992400,u_bella
INV000166,2024/06/28,2024/06/30,S003,C015,P025,5,299000,1495000,192700,1302300,u_dwi
INV000167,2024/08/07,2024/08/09,S005,C079,P022,9,99000,891000,140400,750600,u_eka
INV000168,2024/01/15,2024/01/15,S003,C040,P011,6,99000,594000,138300,455700,u_citra
INV000169,2024/03/14,2024/03/16,S004,C009,P005,1,99000,99000,8200,90800,u_dwi
INV000170,2024/07/11,2024/07/12,S004,C044,P006,6,199000,1194000,56400,1137600,u_fajar
INV000171,2024/10/17,2024/10/19,S001,C007,P005,3,299000,897000,33800,863200,u_andika
INV000172,2024/12/11,2024/12/11,S003,C057,P022,7,249000,1743000,74800,1668200,u_hanif
INV000173,2024/07/31,2024/08/01,S002,C066,P004,6,249000,1494000,141300,1352700,u_bella
INV000174,2024/05/25,2024/05/28,S005,C063,P017,5,99000,495000,61300,433700,u_dwi
INV000175,2024/07/21,2024/07/23,S001,C001,P007,5,149000,745000,88900,656100,u_citra
INV000176,2024/05/10,2024/05/11,S003,C016,P001,8,349000,2792000,440900,2351100,u_gita
INV000177,2024/03/30,2024/03/30,S004,C069,P023,4,299000,1196000,120700,1075300,u_fajar
INV000178,2024/02/06,2024/02/07,S001,C056,P001,8,99000,792000,159800,632200,u_fajar
INV000179,2024/10/21,2024/10/22,S005,C052,P023,7,199000,1393000,113500,1279500,u_bella
INV000180,2024/07/26,2024/07/26,S003,C022,P020,8,349000,2792000,810800,1981200,u_fajar
INV000181,2024/02/15,2024/02/16,S001,C032,P014,10,249000,2490000,358100,2131900,u_bella
INV000182,2024/07/21,2024/07/22,S003,C029,P011,3,99000,297000,11900,285100,u_bella
INV000183,2024/09/28,2024/09/30,S002,C045,P012,3,149000,447000,11200,435800,u_bella
INV000184,2024/03/15,2024/03/16,S002,C023,P020,3,349000,1047000,140100,906900,u_bella
INV000185,2024/03/31,2024/04/03,S004,C060,P025,10,299000,2990000,252200,2737800,u_hanif
INV000186,2024/12/14,2024/12/16,S005,C042,P021,6,149000,894000,134100,759900,u_hanif
INV000187,2024/02/04,2024/02/05,S004,C039,P009,10,99000,990000,131800,858200,u_fajar
INV000188,2024/09/16,2024/09/16,S003,C060,P015,1,99000,99000,9400,89600,u_fajar
INV000189,2024/05/26,2024/05/26,S001,C079,P020,9,249000,2241000,91300,2149700,u_hanif
INV000190,2024/10/24,2024/10/26,S001,C058,P019,4,199000,796000,0,796000,u_hanif
INV000191,2024/09/13,2024/09/13,S001,C058,P004,6,349000,2094000,143900,1950100,u_bella
INV000192,2024/09/15,2024/09/18,S002,C006,P008,8,249000,1992000,318600,1673400,u_citra
INV000193,2024/07/05,2024/07/06,S003,C050,P014,6,349000,2094000,240800,1853200,u_andika
INV000194,2024/11/19,2024/11/22,S003,C009,P011,2,299000,598000,7700,590300,u_gita
INV000195,2024/05/25,2024/05/26,S005,C020,P011,2,299000,598000,67000,531000,u_citra
INV000196,2024/06/28,2024/06/29,S004,C017,P020,2,199000,398000,50500,347500,u_gita
INV000197,2024/11/25,2024/11/26,S002,C068,P003,7,299000,2093000,79800,2013200,u_fajar
INV000198,2024/01/10,2024/01/11,S003,C024,P007,6,249000,1494000,165500,1328500,u_dwi
INV000199,2024/04/25,2024/04/25,S002,C010,P010,2,299000,598000,62200,535800,u_andika
INV000200,2024/12/04,2024/12/05,S005,C017,P020,7,149000,1043000,20900,1022100,u_citra
INV000201,2024/04/02,2024/04/05,S005,C022,P024,8,99000,792000,99000,693000,u_gita
INV000202,2024/07/05,2024/07/08,S002,C057,P020,5,349000,1745000,243000,1502000,u_hanif
INV000203,2024/04/29,2024/05/01,S002,C040,P016,4,199000,796000,139900,656100,u_hanif
INV000204,2024/08/24,2024/08/25,S004,C065,P017,7,149000,1043000,181200,861800,u_dwi
INV000205,2024/11/05,2024/11/05,S003,C007,P021,8,199000,1592000,5700,1586300,u_bella
INV000206,2024/12/30,2024/12/31,S001,C037,P003,3,199000,597000,20500,576500,u_hanif
INV000207,2024/09/19,2024/09/19,S004,C012,P008,8,199000,1592000,216600,1375400,u_andika
INV000208,2024/07/31,2024/07/31,S004,C065,P012,4,249000,996000,135400,860600,u_bella
INV000209,2024/07/10,2024/07/10,S001,C041,P004,6,149000,894000,121600,772400,u_citra
INV000210,2024/01/20,2024/01/21,S004,C018,P025,8,249000,1992000,697200,1294800,u_andika
INV000211,2024/02/10,2024/02/10,S003,C028,P005,9,349000,3141000,439600,2701400,u_gita
INV000212,2024/02/26,2024/02/27,S002,C039,P004,1,149000,149000,26700,122300,u_gita
INV000213,2024/11/23,2024/11/25,S004,C009,P004,8,299000,2392000,398900,1993100,u_andika
INV000214,2024/11/19,2024/11/21,S005,C031,P023,3,199000,597000,86900,510100,u_gita
INV000215,2024/01/01,2024/01/03,S003,C031,P019,7,149000,1043000,81300,961700,u_bella
INV000216,2024/09/25,2024/09/26,S001,C068,P018,9,299000,2691000,412100,2278900,u_andika
INV000217,2024/07/18,2024/07/19,S001,C050,P012,5,349000,1745000,80100,1664900,u_andika
INV000218,2024/07/01,2024/07/01,S003,C031,P024,2,299000,598000,49900,548100,u_fajar
INV000219,2024/03/09,2024/03/09,S003,C070,P011,3,349000,1047000,69100,977900,u_hanif
INV000220,2024/12/22,2024/12/23,S002,C018,P003,8,99000,792000,83700,708300,u_eka
INV000221,2024/04/13,2024/04/13,S002,C006,P011,5,299000,1495000,391700,1103300,u_gita
INV000222,2024/10/05,2024/10/06,S003,C005,P025,4,199000,796000,0,796000,u_fajar
INV000223,2024/01/25,2024/01/28,S003,C035,P004,6,249000,1494000,221200,1272800,u_gita
INV000224,2024/08/13,2024/08/14,S003,C024,P016,8,199000,1592000,0,1592000,u_eka
INV000225,2024/02/12,2024/02/15,S004,C011,P014,10,149000,1490000,99800,1390200,u_eka
INV000226,2024/06/13,2024/06/13,S001,C042,P022,5,199000,995000,175300,819700,u_hanif
INV000227,2024/11/04,2024/11/07,S004,C022,P023,8,199000,1592000,166400,1425600,u_hanif
INV000228,2024/01/22,2024/01/25,S003,C079,P014,5,349000,1745000,42900,1702100,u_andika
INV000229,2024/02/08,2024/02/11,S004,C047,P017,3,99000,297000,14800,282200,u_citra
INV000230,2024/11/07,2024/11/10,S004,C005,P005,2,149000,298000,44000,254000,u_fajar
INV000231,2024/07/04,2024/07/05,S005,C005,P020,3,349000,1047000,51200,995800,u_hanif
INV000232,2024/07/08,2024/07/09,S004,C010,P019,3,299000,897000,103300,793700,u_fajar
INV000233,2024/07/22,2024/07/23,S003,C032,P004,1,349000,349000,36000,313000,u_citra
INV000234,2024/09/12,2024/09/14,S004,C072,P004,5,199000,995000,54100,940900,u_hanif
INV000235,2024/04/19,2024/04/21,S003,C063,P007,2,149000,298000,74500,223500,u_bella
INV000236,2024/08/19,2024/08/19,S004,C012,P022,6,349000,2094000,302300,1791700,u_fajar
INV000237,2024/12/29,2024/12/29,S005,C070,P010,5,149000,745000,0,745000,u_citra
INV000238,2024/07/04,2024/07/06,S002,C016,P007,3,149000,447000,50500,396500,u_hanif
INV000239,2024/01/14,2024/01/15,S005,C074,P012,8,299000,2392000,128400,2263600,u_citra
INV000240,2024/11/09,2024/11/09,S001,C040,P013,8,299000,2392000,381900,2010100,u_gita
INV000241,2024/07/28,2024/07/30,S001,C017,P011,2,249000,498000,22200,475800,u_hanif
INV000242,2024/12/14,2024/12/16,S003,C017,P025,9,349000,3141000,288900,2852100,u_citra
INV000243,2024/03/07,2024/03/08,S005,C008,P004,9,149000,1341000,181500,1159500,u_eka
INV000244,2024/03/25,2024/03/25,S003,C029,P012,9,199000,1791000,287600,1503400,u_bella
INV000245,2024/05/08,2024/05/08,S005,C036,P005,5,299000,1495000,23900,1471100,u_bella
INV000246,2024/09/14,2024/09/17,S002,C076,P019,3,149000,447000,34200,412800,u_fajar
INV000247,2024/10/15,2024/10/15,S001,C011,P002,10,199000,1990000,132800,1857200,u_dwi
INV000248,2024/10/19,2024/10/20,S005,C004,P016,9,199000,1791000,97200,1693800,u_eka
INV000249,2024/09/04,2024/09/04,S004,C039,P015,2,349000,698000,156100,541900,u_andika
INV000250,2024/03/21,2024/03/22,S004,C062,P015,4,199000,796000,102200,693800,u_citra
INV000251,2024/06/09,2024/06/12,S003,C045,P013,3,199000,597000,7000,590000,u_bella
INV000252,2024/06/12,2024/06/12,S004,C016,P009,8,149000,1192000,195800,996200,u_citra
INV000253,2024/02/19,2024/02/19,S003,C050,P020,7,149000,1043000,259200,783800,u_citra
INV000254,2024/06/16,2024/06/18,S003,C025,P025,3,249000,747000,128700,618300,u_hanif
INV000255,2024/09/12,2024/09/13,S004,C003,P003,7,299000,2093000,0,2093000,u_hanif
INV000256,2024/05/03,2024/05/03,S005,C046,P002,1,199000,199000,13200,185800,u_hanif
INV000257,2024/11/01,2024/11/04,S004,C037,P018,1,99000,99000,18700,80300,u_gita
INV000258,2024/03/09,2024/03/10,S003,C052,P012,1,249000,249000,12600,236400,u_andika
INV000259,2024/10/18,2024/10/20,S002,C047,P018,5,99000,495000,64900,430100,u_gita
INV000260,2024/09/15,2024/09/16,S005,C036,P020,10,99000,990000,152700,837300,u_citra
INV000261,2024/02/19,2024/02/20,S003,C044,P018,6,149000,894000,31400,862600,u_dwi
INV000262,2024/11/04,2024/11/06,S004,C065,P002,1,99000,99000,9500,89500,u_citra
INV000263,2024/12/31,2024/12/31,S004,C067,P015,3,299000,897000,0,897000,u_citra
INV000264,2024/06/16,2024/06/18,S003,C021,P013,10,349000,3490000,98700,3391300,u_eka
INV000265,2024/10/30,2024/10/31,S005,C066,P018,8,349000,2792000,229800,2562200,u_eka
INV000266,2024/08/31,2024/08/31,S003,C043,P022,2,249000,498000,6300,491700,u_eka
INV000267,2024/12/18,2024/12/21,S001,C077,P016,5,349000,1745000,373900,1371100,u_dwi
INV000268,2024/01/27,2024/01/29,S004,C022,P017,10,249000,2490000,0,2490000,u_citra
INV000269,2024/12/14,2024/12/14,S001,C074,P023,2,149000,298000,20600,277400,u_andika
INV000270,2024/08/13,2024/08/14,S004,C020,P014,4,249000,996000,108700,887300,u_hanif
INV000271,2024/02/01,2024/02/04,S002,C067,P007,9,199000,1791000,359800,1431200,u_hanif
INV000272,2024/09/26,2024/09/27,S003,C023,P015,9,199000,1791000,0,1791000,u_fajar
INV000273,2024/12/12,2024/12/15,S003,C079,P016,4,149000,596000,108100,487900,u_eka
INV000274,2024/10/12,2024/10/13,S002,C039,P025,5,349000,1745000,175700,1569300,u_dwi
INV000275,2024/12/19,2024/12/22,S004,C041,P016,6,299000,1794000,56100,1737900,u_eka
INV000276,2024/05/27,2024/05/27,S005,C070,P013,7,199000,1393000,184400,1208600,u_citra
INV000277,2024/05/28,2024/05/28,S003,C011,P012,8,349000,2792000,318100,2473900,u_eka
INV000278,2024/09/02,2024/09/02,S002,C069,P009,9,349000,3141000,182100,2958900,u_eka
INV000279,2024/03/11,2024/03/11,S005,C076,P008,4,99000,396000,41500,354500,u_dwi
INV000280,2024/11/22,2024/11/22,S001,C013,P014,6,349000,2094000,152900,1941100,u_hanif
INV000281,2024/02/21,2024/02/24,S002,C001,P018,3,249000,747000,80600,666400,u_hanif
INV000282,2024/09/01,2024/09/04,S002,C037,P011,5,349000,1745000,255400,1489600,u_andika
INV000283,2024/02/15,2024/02/18,S005,C030,P018,1,149000,149000,31400,117600,u_gita
INV000284,2024/03/31,2024/03/31,S004,C064,P006,5,99000,495000,6600,488400,u_andika
INV000285,2024/06/01,2024/06/03,S005,C014,P011,5,249000,1245000,310400,934600,u_hanif
INV000286,2024/03/09,2024/03/11,S004,C035,P007,2,199000,398000,0,398000,u_citra
INV000287,2024/08/22,2024/08/25,S003,C024,P001,6,199000,1194000,106700,1087300,u_dwi
INV000288,2024/03/30,2024/04/01,S004,C055,P017,6,99000,594000,83900,510100,u_gita
INV000289,2024/12/08,2024/12/08,S002,C018,P016,6,149000,894000,107000,787000,u_andika
INV000290,2024/05/13,2024/05/14,S002,C058,P025,5,199000,995000,56100,938900,u_eka
INV000291,2024/10/25,2024/10/28,S005,C002,P009,6,349000,2094000,178900,1915100,u_dwi
INV000292,2024/02/01,2024/02/04,S001,C060,P010,3,249000,747000,48900,698100,u_eka
INV000293,2024/12/19,2024/12/19,S003,C048,P020,4,149000,596000,35000,561000,u_citra
INV000294,2024/09/01,2024/09/01,S004,C078,P012,7,349000,2443000,389600,2053400,u_hanif
INV000295,2024/10/02,2024/10/05,S002,C032,P022,10,99000,990000,123700,866300,u_hanif
INV000296,2024/09/27,2024/09/30,S003,C010,P019,2,99000,198000,10200,187800,u_dwi
INV000297,2024/10/20,2024/10/22,S002,C022,P011,9,249000,2241000,365200,1875800,u_bella
INV000298,2024/12/14,2024/12/14,S005,C063,P003,9,249000,2241000,272300,1968700,u_andika
INV000299,2024/08/20,2024/08/20,S005,C054,P015,10,99000,990000,155300,834700,u_hanif
INV000300,2024/12/10,2024/12/11,S001,C051,P009,1,349000,349000,50300,298700,u_dwi
INV000301,2024/10/23,2024/10/23,S001,C055,P012,2,299000,598000,25100,572900,u_andika
INV000302,2024/02/05,2024/02/06,S001,C037,P014,3,149000,447000,27200,419800,u_gita
INV000303,2024/07/10,2024/07/11,S004,C049,P013,2,349000,698000,106300,591700,u_citra
INV000304,2024/11/30,2024/12/01,S001,C023,P018,7,299000,2093000,298700,1794300,u_citra
INV000305,2024/04/24,2024/04/24,S001,C039,P015,9,249000,2241000,220800,2020200,u_gita
INV000306,2024/04/27,2024/04/27,S004,C045,P005,5,149000,745000,80600,664400,u_bella
INV000307,2024/01/17,2024/01/20,S004,C079,P025,1,149000,149000,28200,120800,u_dwi
INV000308,2024/02/04,2024/02/04,S005,C005,P015,10,349000,3490000,204500,3285500,u_andika
INV000309,2024/05/05,2024/05/08,S001,C052,P015,4,299000,1196000,165400,1030600,u_dwi
INV000310,2024/01/29,2024/01/29,S005,C038,P008,10,199000,1990000,170800,1819200,u_fajar
INV000311,2024/05/01,2024/05/02,S002,C067,P008,7,199000,1393000,118100,1274900,u_eka
INV000312,2024/02/01,2024/02/03,S005,C023,P021,7,299000,2093000,370300,1722700,u_hanif
INV000313,2024/01/25,2024/01/26,S004,C068,P011,7,249000,1743000,275000,1468000,u_citra
INV000314,2024/06/02,2024/06/03,S002,C069,P016,4,149000,596000,93500,502500,u_eka
INV000315,2024/12/28,2024/12/28,S004,C008,P018,7,249000,1743000,333600,1409400,u_citra
INV000316,2024/07/17,2024/07/17,S003,C027,P011,2,249000,498000,50500,447500,u_fajar
INV000317,2024/02/17,2024/02/19,S002,C007,P009,7,349000,2443000,360900,2082100,u_andika
INV000318,2024/02/07,2024/02/07,S005,C072,P007,8,149000,1192000,93300,1098700,u_fajar
INV000319,2024/06/04,2024/06/04,S002,C025,P024,2,349000,698000,85600,612400,u_hanif
INV000320,2024/05/04,2024/05/07,S005,C027,P013,4,299000,1196000,108700,1087300,u_fajar
INV000321,2024/05/24,2024/05/25,S004,C069,P021,6,199000,1194000,127500,1066500,u_eka
INV000322,2024/07/03,2024/07/05,S004,C060,P004,8,199000,1592000,225500,1366500,u_dwi
INV000323,2024/07/08,2024/07/09,S004,C006,P019,4,349000,1396000,59600,1336400,u_citra
INV000324,2024/01/09,2024/01/10,S005,C075,P019,7,199000,1393000,343300,1049700,u_citra
INV000325,2024/04/10,2024/04/11,S002,C049,P019,4,249000,996000,29500,966500,u_fajar
INV000326,2024/05/11,2024/05/12,S004,C059,P006,6,149000,894000,13400,880600,u_citra
INV000327,2024/10/06,2024/10/07,S002,C070,P021,1,299000,299000,54100,244900,u_andika
INV000328,2024/02/08,2024/02/11,S001,C001,P014,3,349000,1047000,162700,884300,u_dwi
INV000329,2024/02/04,2024/02/07,S002,C002,P007,9,249000,2241000,322000,1919000,u_fajar
INV000330,2024/01/31,2024/02/02,S005,C062,P022,8,99000,792000,114000,678000,u_andika
INV000331,2024/09/29,2024/10/01,S004,C002,P001,9,349000,3141000,311400,2829600,u_eka
INV000332,2024/10/01,2024/10/02,S001,C065,P023,7,149000,1043000,38800,1004200,u_bella
INV000333,2024/02/19,2024/02/21,S002,C031,P007,10,299000,2990000,314900,2675100,u_eka
INV000334,2024/06/30,2024/07/01,S004,C011,P012,7,249000,1743000,91700,1651300,u_dwi
INV000335,2024/12/22,2024/12/22,S003,C011,P021,1,99000,99000,16700,82300,u_gita
INV000336,2024/07/13,2024/07/14,S005,C061,P002,1,349000,349000,31300,317700,u_citra
INV000337,2024/02/12,2024/02/13,S004,C043,P019,2,299000,598000,25200,572800,u_andika
INV000338,2024/04/27,2024/04/27,S005,C061,P009,1,99000,99000,7700,91300,u_eka
INV000339,2024/10/05,2024/10/07,S001,C023,P011,1,149000,149000,19200,129800,u_citra
INV000340,2024/12/30,2024/12/31,S001,C039,P006,10,149000,1490000,90200,1399800,u_gita
INV000341,2024/12/12,2024/12/14,S003,C050,P025,3,349000,1047000,44400,1002600,u_bella
INV000342,2024/09/13,2024/09/16,S003,C007,P004,7,149000,1043000,122100,920900,u_bella
INV000343,2024/06/23,2024/06/25,S005,C077,P013,6,99000,594000,69600,524400,u_eka
INV000344,2024/08/18,2024/08/19,S002,C046,P018,7,249000,1743000,112400,1630600,u_citra
INV000345,2024/12/14,2024/12/16,S004,C011,P025,10,199000,1990000,133400,1856600,u_dwi
INV000346,2024/12/31,2024/12/31,S001,C035,P005,7,349000,2443000,284000,2159000,u_citra
INV000347,2024/07/18,2024/07/19,S003,C014,P003,1,199000,199000,0,199000,u_hanif
INV000348,2024/07/03,2024/07/04,S001,C017,P003,3,249000,747000,1100,745900,u_hanif
INV000349,2024/10/12,2024/10/14,S005,C053,P004,1,99000,99000,4900,94100,u_fajar
INV000350,2024/10/10,2024/10/10,S005,C077,P011,7,99000,693000,58900,634100,u_eka
INV000351,2024/07/30,2024/07/31,S001,C072,P008,10,299000,2990000,364100,2625900,u_citra
INV000352,2024/12/16,2024/12/17,S002,C018,P009,5,199000,995000,202300,792700,u_hanif
INV000353,2024/03/15,2024/03/15,S002,C056,P009,7,199000,1393000,222900,1170100,u_hanif
INV000354,2024/02/09,2024/02/10,S003,C032,P024,8,299000,2392000,212400,2179600,u_dwi
INV000355,2024/08/22,2024/08/22,S002,C039,P001,7,199000,1393000,137400,1255600,u_gita
INV000356,2024/06/17,2024/06/18,S003,C056,P021,10,149000,1490000,44400,1445600,u_eka
INV000357,2024/06/13,2024/06/15,S002,C062,P011,3,249000,747000,73700,673300,u_fajar
INV000358,2024/05/29,2024/06/01,S004,C074,P008,6,249000,1494000,119200,1374800,u_eka
INV000359,2024/07/20,2024/07/21,S001,C073,P007,10,299000,2990000,366500,2623500,u_citra
INV000360,2024/12/15,2024/12/17,S001,C060,P023,4,249000,996000,41900,954100,u_eka
INV000361,2024/12/20,2024/12/20,S004,C064,P005,5,149000,745000,101600,643400,u_eka
INV000362,2024/12/03,2024/12/03,S004,C049,P003,8,299000,2392000,495800,1896200,u_hanif
INV000363,2024/10/25,2024/10/26,S005,C065,P023,7,299000,2093000,193400,1899600,u_andika
INV000364,2024/07/03,2024/07/06,S005,C077,P021,2,99000,198000,25400,172600,u_dwi
INV000365,2024/12/02,2024/12/05,S003,C022,P021,10,99000,990000,146800,843200,u_gita
INV000366,2024/06/18,2024/06/19,S001,C002,P004,5,149000,745000,53600,691400,u_dwi
INV000367,2024/08/16,2024/08/17,S004,C060,P025,10,349000,3490000,403700,3086300,u_citra
INV000368,2024/06/25,2024/06/25,S004,C014,P010,7,99000,693000,69900,623100,u_bella
INV000369,2024/03/13,2024/03/14,S003,C044,P015,4,299000,1196000,127800,1068200,u_hanif
INV000370,2024/06/27,2024/06/28,S001,C057,P024,8,199000,1592000,73100,1518900,u_bella
INV000371,2024/06/02,2024/06/02,S001,C003,P011,2,349000,698000,71000,627000,u_citra
INV000372,2024/05/04,2024/05/06,S002,C071,P006,6,299000,1794000,241900,1552100,u_gita
INV000373,2024/08/24,2024/08/24,S004,C024,P006,7,249000,1743000,351400,1391600,u_andika
INV000374,2024/11/10,2024/11/10,S004,C076,P014,7,99000,693000,115800,577200,u_dwi
INV000375,2024/04/15,2024/04/16,S001,C074,P004,9,149000,1341000,336200,1004800,u_fajar
INV000376,2024/06/15,2024/06/15,S004,C015,P009,8,299000,2392000,110700,2281300,u_fajar
INV000377,2024/11/01,2024/11/02,S005,C051,P019,2,199000,398000,64100,333900,u_fajar
INV000378,2024/08/22,2024/08/24,S002,C039,P020,10,99000,990000,111700,878300,u_citra
INV000379,2024/06/09,2024/06/09,S002,C040,P004,3,199000,597000,151200,445800,u_citra
INV000380,2024/09/18,2024/09/19,S004,C077,P005,10,249000,2490000,108100,2381900,u_gita
INV000381,2024/04/05,2024/04/06,S005,C023,P018,3,249000,747000,30800,716200,u_eka
INV000382,2024/03/12,2024/03/12,S003,C058,P020,1,199000,199000,11600,187400,u_andika
INV000383,2024/09/05,2024/09/05,S002,C050,P018,9,349000,3141000,0,3141000,u_hanif
INV000384,2024/07/28,2024/07/31,S004,C054,P023,8,249000,1992000,125900,1866100,u_citra
INV000385,2024/02/12,2024/02/14,S001,C029,P010,1,199000,199000,9300,189700,u_dwi
INV000386,2024/10/02,2024/10/03,S002,C059,P019,8,299000,2392000,264400,2127600,u_bella
INV000387,2024/10/20,2024/10/20,S003,C070,P012,9,99000,891000,110400,780600,u_hanif
INV000388,2024/10/06,2024/10/06,S004,C014,P024,4,199000,796000,184100,611900,u_andika
INV000389,2024/08/18,2024/08/19,S003,C012,P015,2,149000,298000,49600,248400,u_dwi
INV000390,2024/10/28,2024/10/31,S003,C079,P021,7,149000,1043000,62200,980800,u_citra
INV000391,2024/04/15,2024/04/15,S001,C073,P012,9,199000,1791000,66500,1724500,u_citra
INV000392,2024/06/14,2024/06/17,S003,C038,P019,5,299000,1495000,201000,1294000,u_bella
INV000393,2024/03/10,2024/03/11,S001,C036,P021,3,349000,1047000,7900,1039100,u_citra
INV000394,2024/05/07,2024/05/07,S003,C032,P025,7,249000,1743000,397800,1345200,u_citra
INV000395,2024/10/22,2024/10/25,S003,C054,P013,8,99000,792000,144600,647400,u_bella
INV000396,2024/07/25,2024/07/27,S003,C048,P015,8,199000,1592000,106900,1485100,u_andika
INV000397,2024/02/17,2024/02/20,S004,C046,P003,9,249000,2241000,0,2241000,u_dwi
INV000398,2024/08/07,2024/08/07,S004,C035,P011,5,199000,995000,193800,801200,u_citra
INV000399,2024/10/16,2024/10/17,S003,C007,P002,2,349000,698000,64200,633800,u_hanif
INV000400,2024/01/09,2024/01/09,S002,C057,P015,1,249000,249000,46500,202500,u_dwi
INV000401,2024/12/18,2024/12/18,S003,C021,P009,2,349000,698000,0,698000,u_fajar
INV000402,2024/05/08,2024/05/08,S003,C022,P002,7,349000,2443000,141800,2301200,u_eka
INV000403,2024/12/24,2024/12/24,S004,C012,P023,2,99000,198000,19900,178100,u_dwi
INV000404,2024/09/01,2024/09/01,S002,C076,P008,9,349000,3141000,324400,2816600,u_hanif
INV000405,2024/01/05,2024/01/05,S003,C016,P014,3,249000,747000,51200,695800,u_bella
INV000406,2024/04/27,2024/04/28,S001,C014,P004,6,199000,1194000,171500,1022500,u_eka
INV000407,2024/03/11,2024/03/12,S002,C019,P003,9,299000,2691000,68000,2623000,u_andika
INV000408,2024/11/08,2024/11/11,S002,C057,P012,4,349000,1396000,125700,1270300,u_citra
INV000409,2024/07/29,2024/07/31,S004,C028,P003,2,149000,298000,32300,265700,u_bella
INV000410,2024/10/28,2024/10/31,S004,C045,P014,6,149000,894000,121600,772400,u_dwi
INV000411,2024/05/21,2024/05/24,S001,C032,P018,10,299000,2990000,447900,2542100,u_eka
INV000412,2024/12/19,2024/12/19,S003,C027,P017,10,299000,2990000,63600,2926400,u_dwi
INV000413,2024/07/19,2024/07/20,S001,C031,P016,7,99000,693000,0,693000,u_dwi
INV000414,2024/09/12,2024/09/15,S005,C010,P017,1,199000,199000,37700,161300,u_fajar
INV000415,2024/03/08,2024/03/09,S005,C054,P012,9,349000,3141000,387200,2753800,u_citra
INV000416,2024/08/29,2024/08/29,S001,C076,P003,1,199000,199000,9500,189500,u_dwi
INV000417,2024/01/21,2024/01/21,S004,C065,P010,9,249000,2241000,467400,1773600,u_gita
INV000418,2024/12/25,2024/12/26,S001,C069,P018,10,149000,1490000,161100,1328900,u_eka
INV000419,2024/02/12,2024/02/13,S001,C066,P007,3,299000,897000,163700,733300,u_fajar
INV000420,2024/07/19,2024/07/21,S001,C040,P023,7,349000,2443000,255800,2187200,u_dwi
INV000421,2024/01/30,2024/01/30,S001,C056,P004,8,299000,2392000,584300,1807700,u_andika
INV000422,2024/06/07,2024/06/10,S002,C016,P001,3,349000,1047000,233300,813700,u_andika
INV000423,2024/03/24,2024/03/25,S003,C067,P017,5,149000,745000,61500,683500,u_fajar
INV000424,2024/03/05,2024/03/08,S003,C016,P025,1,199000,199000,33400,165600,u_gita
INV000425,2024/05/19,2024/05/21,S001,C034,P023,10,349000,3490000,506700,2983300,u_bella
INV000426,2024/09/11,2024/09/12,S005,C047,P002,8,299000,2392000,468400,1923600,u_citra
INV000427,2024/07/07,2024/07/07,S003,C014,P019,2,149000,298000,9700,288300,u_andika
INV000428,2024/01/23,2024/01/23,S002,C006,P016,6,249000,1494000,221100,1272900,u_citra
INV000429,2024/04/01,2024/04/01,S005,C054,P008,6,149000,894000,155600,738400,u_gita
INV000430,2024/06/12,2024/06/13,S001,C074,P012,2,299000,598000,0,598000,u_andika
INV000431,2024/04/01,2024/04/01,S005,C006,P013,2,249000,498000,8600,489400,u_eka
INV000432,2024/06/08,2024/06/09,S001,C071,P015,1,199000,199000,0,199000,u_dwi
INV000433,2024/05/29,2024/05/31,S003,C080,P008,8,199000,1592000,129200,1462800,u_hanif
INV000434,2024/04/10,2024/04/13,S005,C032,P005,1,249000,249000,37400,211600,u_andika
INV000435,2024/04/29,2024/05/01,S003,C002,P011,1,349000,349000,71600,277400,u_gita
INV000436,2024/06/06,2024/06/06,S002,C068,P008,7,249000,1743000,183300,1559700,u_andika
INV000437,2024/03/13,2024/03/16,S003,C012,P002,4,299000,1196000,255900,940100,u_gita
INV000438,2024/12/24,2024/12/25,S004,C011,P019,2,299000,598000,2000,596000,u_citra
INV000439,2024/11/22,2024/11/23,S001,C076,P019,1,249000,249000,0,249000,u_citra
INV000440,2024/05/01,2024/05/02,S003,C041,P013,6,199000,1194000,114800,1079200,u_hanif
INV000441,2024/05/19,2024/05/19,S001,C026,P005,10,99000,990000,125600,864400,u_citra
INV000442,2024/02/24,2024/02/24,S004,C060,P011,7,99000,693000,67700,625300,u_fajar
INV000443,2024/04/16,2024/04/17,S003,C060,P009,2,99000,198000,0,198000,u_citra
INV000444,2024/12/17,2024/12/18,S005,C006,P007,6,149000,894000,83800,810200,u_bella
INV000445,2024/12/30,2024/12/30,S003,C051,P017,1,349000,349000,3000,346000,u_eka
INV000446,2024/05/13,2024/05/13,S001,C052,P015,9,349000,3141000,461300,2679700,u_dwi
INV000447,2024/02/18,2024/02/19,S001,C018,P004,1,99000,99000,12400,86600,u_dwi
INV000448,2024/03/07,2024/03/07,S004,C048,P022,2,299000,598000,20500,577500,u_eka
INV000449,2024/02/08,2024/02/08,S001,C026,P021,8,149000,1192000,76300,1115700,u_bella
INV000450,2024/06/18,2024/06/18,S001,C060,P002,3,299000,897000,23200,873800,u_gita
INV000451,2024/07/21,2024/07/22,S001,C049,P022,7,149000,1043000,99700,943300,u_fajar
INV000452,2024/04/19,2024/04/19,S003,C036,P015,3,99000,297000,49600,247400,u_dwi
INV000453,2024/11/27,2024/11/28,S004,C053,P018,8,99000,792000,24600,767400,u_bella
INV000454,2024/05/23,2024/05/24,S002,C054,P007,9,149000,1341000,181400,1159600,u_andika
INV000455,2024/07/14,2024/07/17,S003,C062,P018,8,199000,1592000,100100,1491900,u_fajar
INV000456,2024/07/17,2024/07/18,S002,C004,P011,10,149000,1490000,66300,1423700,u_andika
INV000457,2024/05/23,2024/05/23,S004,C068,P012,10,149000,1490000,137800,1352200,u_citra
INV000458,2024/02/21,2024/02/21,S002,C035,P018,1,149000,149000,4100,144900,u_gita
INV000459,2024/06/30,2024/06/30,S002,C031,P019,6,349000,2094000,128200,1965800,u_fajar
INV000460,2024/10/29,2024/10/29,S003,C073,P019,3,299000,897000,14500,882500,u_dwi
INV000461,2024/09/09,2024/09/11,S003,C023,P016,1,99000,99000,23500,75500,u_andika
INV000462,2024/04/29,2024/05/01,S002,C003,P017,8,99000,792000,81200,710800,u_fajar
INV000463,2024/11/10,2024/11/10,S002,C044,P023,3,199000,597000,30500,566500,u_andika
INV000464,2024/01/12,2024/01/12,S005,C019,P025,2,299000,598000,68800,529200,u_fajar
INV000465,2024/02/07,2024/02/08,S004,C076,P004,6,199000,1194000,110000,1084000,u_fajar
INV000466,2024/03/10,2024/03/10,S004,C063,P021,6,149000,894000,75600,818400,u_fajar
INV000467,2024/04/24,2024/04/27,S005,C023,P013,5,349000,1745000,249500,1495500,u_eka
INV000468,2024/03/06,2024/03/06,S001,C074,P013,10,99000,990000,151500,838500,u_citra
INV000469,2024/11/04,2024/11/05,S005,C029,P021,10,99000,990000,62200,927800,u_hanif
INV000470,2024/03/13,2024/03/14,S001,C031,P012,6,149000,894000,53400,840600,u_bella
INV000471,2024/12/28,2024/12/31,S003,C058,P001,5,149000,745000,60200,684800,u_dwi
INV000472,2024/12/20,2024/12/20,S003,C033,P004,1,99000,99000,0,99000,u_gita
INV000473,2024/08/12,2024/08/15,S004,C022,P014,8,249000,1992000,0,1992000,u_fajar
INV000474,2024/10/06,2024/10/07,S001,C062,P019,4,149000,596000,116600,479400,u_hanif
INV000475,2024/02/07,2024/02/07,S003,C003,P011,5,99000,495000,106500,388500,u_bella
INV000476,2024/06/24,2024/06/24,S004,C021,P024,2,299000,598000,49400,548600,u_bella
INV000477,2024/06/22,2024/06/24,S005,C062,P023,1,249000,249000,34900,214100,u_citra
INV000478,2024/11/06,2024/11/07,S002,C007,P004,6,149000,894000,108900,785100,u_dwi
INV000479,2024/07/28,2024/07/31,S005,C070,P009,5,199000,995000,313900,681100,u_dwi
INV000480,2024/02/19,2024/02/19,S004,C074,P018,8,149000,1192000,212600,979400,u_andika
INV000481,2024/07/03,2024/07/03,S004,C012,P010,10,249000,2490000,226700,2263300,u_dwi
INV000482,2024/02/19,2024/02/19,S002,C022,P021,5,99000,495000,16400,478600,u_hanif
INV000483,2024/02/29,2024/03/01,S004,C061,P016,5,99000,495000,0,495000,u_gita
INV000484,2024/04/04,2024/04/05,S004,C048,P006,8,99000,792000,90500,701500,u_eka
INV000485,2024/08/13,2024/08/14,S003,C029,P009,10,99000,990000,46600,943400,u_citra
INV000486,2024/12/22,2024/12/25,S001,C011,P022,6,299000,1794000,800,1793200,u_gita
INV000487,2024/10/28,2024/10/28,S005,C008,P013,9,249000,2241000,122700,2118300,u_hanif
INV000488,2024/10/20,2024/10/20,S004,C039,P003,7,349000,2443000,59300,2383700,u_andika
INV000489,2024/09/14,2024/09/16,S005,C074,P022,10,149000,1490000,325000,1165000,u_bella
INV000490,2024/08/17,2024/08/17,S002,C028,P007,3,99000,297000,48000,249000,u_gita
INV000491,2024/02/10,2024/02/13,S004,C026,P021,3,299000,897000,89200,807800,u_eka
INV000492,2024/06/12,2024/06/15,S001,C012,P013,9,249000,2241000,456300,1784700,u_fajar
INV000493,2024/05/21,2024/05/23,S004,C002,P023,10,299000,2990000,315200,2674800,u_gita
INV000494,2024/02/27,2024/02/28,S002,C019,P019,10,299000,2990000,118700,2871300,u_bella
INV000495,2024/02/24,2024/02/26,S001,C037,P018,6,249000,1494000,308700,1185300,u_eka
INV000496,2024/07/15,2024/07/18,S004,C074,P020,8,99000,792000,109100,682900,u_citra
INV000497,2024/05/21,2024/05/22,S002,C080,P020,7,99000,693000,19000,674000,u_gita
INV000498,2024/06/18,2024/06/21,S002,C007,P024,8,199000,1592000,138000,1454000,u_fajar
INV000499,2024/01/11,2024/01/12,S003,C040,P009,8,349000,2792000,108100,2683900,u_bella
INV000500,2024/04/26,2024/04/26,S003,C057,P025,6,199000,1194000,3800,1190200,u_gita
INV000501,2024/11/05,2024/11/08,S001,C025,P015,4,249000,996000,164200,831800,u_hanif
INV000502,2024/09/21,2024/09/22,S001,C066,P006,2,199000,398000,93000,305000,u_gita
INV000503,2024/03/10,2024/03/12,S005,C004,P006,4,149000,596000,1300,594700,u_andika
INV000504,2024/05/07,2024/05/07,S004,C007,P012,4,199000,796000,111000,685000,u_fajar
INV000505,2024/08/25,2024/08/27,S004,C016,P022,1,149000,149000,8100,140900,u_fajar
INV000506,2024/09/07,2024/09/09,S004,C023,P016,10,299000,2990000,197000,2793000,u_fajar
INV000507,2024/06/25,2024/06/25,S003,C012,P010,1,249000,249000,14600,234400,u_andika
INV000508,2024/03/24,2024/03/26,S002,C029,P021,4,349000,1396000,55200,1340800,u_dwi
INV000509,2024/05/17,2024/05/20,S004,C066,P001,1,249000,249000,25700,223300,u_citra
INV000510,2024/11/27,2024/11/27,S005,C002,P008,5,299000,1495000,62500,1432500,u_eka
INV000511,2024/12/30,2024/12/31,S003,C055,P013,6,249000,1494000,177700,1316300,u_eka
INV000512,2024/04/21,2024/04/22,S003,C067,P020,7,299000,2093000,201900,1891100,u_bella
INV000513,2024/01/04,2024/01/06,S003,C072,P021,10,299000,2990000,249000,2741000,u_eka
INV000514,2024/06/01,2024/06/04,S001,C062,P003,6,199000,1194000,43500,1150500,u_fajar
INV000515,2024/05/21,2024/05/22,S003,C025,P005,9,149000,1341000,80000,1261000,u_andika
INV000516,2024/11/03,2024/11/04,S003,C018,P024,1,349000,349000,53400,295600,u_hanif
INV000517,2024/05/31,2024/06/01,S004,C052,P013,1,299000,299000,40400,258600,u_dwi
INV000518,2024/06/24,2024/06/27,S002,C069,P021,8,349000,2792000,88100,2703900,u_fajar
INV000519,2024/09/16,2024/09/17,S002,C072,P006,5,99000,495000,52900,442100,u_hanif
INV000520,2024/03/06,2024/03/09,S003,C072,P025,3,349000,1047000,159800,887200,u_fajar
INV000521,2024/12/01,2024/12/01,S002,C046,P008,5,249000,1245000,0,1245000,u_fajar
INV000522,2024/07/09,2024/07/10,S005,C038,P015,2,249000,498000,68700,429300,u_andika
INV000523,2024/11/20,2024/11/22,S005,C080,P003,8,149000,1192000,63900,1128100,u_bella
INV000524,2024/12/14,2024/12/15,S005,C039,P014,1,149000,149000,20900,128100,u_citra
INV000525,2024/04/12,2024/04/13,S004,C073,P015,3,199000,597000,27800,569200,u_citra
INV000526,2024/02/11,2024/02/12,S003,C023,P011,1,99000,99000,0,99000,u_hanif
INV000527,2024/05/20,2024/05/20,S002,C074,P025,3,249000,747000,0,747000,u_bella
INV000528,2024/03/07,2024/03/09,S004,C055,P013,7,249000,1743000,180200,1562800,u_gita
INV000529,2024/01/03,2024/01/03,S005,C026,P024,6,99000,594000,70200,523800,u_fajar
INV000530,2024/09/28,2024/09/28,S001,C001,P021,4,149000,596000,21900,574100,u_fajar
INV000531,2024/06/08,2024/06/08,S001,C050,P017,10,199000,1990000,288000,1702000,u_citra
INV000532,2024/02/03,2024/02/03,S003,C038,P015,9,299000,2691000,0,2691000,u_fajar
INV000533,2024/08/10,2024/08/13,S002,C044,P016,6,149000,894000,85300,808700,u_citra
INV000534,2024/07/25,2024/07/25,S002,C029,P024,3,149000,447000,6800,440200,u_andika
INV000535,2024/10/28,2024/10/30,S002,C016,P012,1,249000,249000,13500,235500,u_eka
INV000536,2024/09/30,2024/10/02,S001,C077,P002,2,349000,698000,72100,625900,u_andika
INV000537,2024/01/25,2024/01/28,S001,C054,P015,7,99000,693000,27600,665400,u_eka
INV000538,2024/08/30,2024/09/02,S002,C027,P023,1,199000,199000,14500,184500,u_gita
INV000539,2024/12/04,2024/12/04,S005,C035,P020,10,349000,3490000,594800,2895200,u_citra
INV000540,2024/08/02,2024/08/02,S005,C080,P004,5,99000,495000,29500,465500,u_bella
INV000541,2024/09/11,2024/09/11,S005,C026,P025,5,299000,1495000,237000,1258000,u_dwi
INV000542,2024/07/02,2024/07/05,S004,C038,P006,1,299000,299000,6300,292700,u_hanif
INV000543,2024/04/16,2024/04/19,S004,C043,P008,1,99000,99000,13600,85400,u_bella
INV000544,2024/02/26,2024/02/28,S004,C020,P003,9,99000,891000,179000,712000,u_bella
INV000545,2024/05/11,2024/05/14,S002,C059,P010,5,249000,1245000,0,1245000,u_andika
INV000546,2024/02/21,2024/02/21,S001,C038,P012,6,249000,1494000,66100,1427900,u_bella
INV000547,2024/02/18,2024/02/18,S001,C018,P022,3,199000,597000,83800,513200,u_fajar
INV000548,2024/08/12,2024/08/14,S003,C012,P012,6,149000,894000,76700,817300,u_bella
INV000549,2024/07/24,2024/07/25,S004,C035,P013,8,249000,1992000,251000,1741000,u_citra
INV000550,2024/02/27,2024/02/27,S001,C021,P004,7,299000,2093000,120800,1972200,u_hanif
INV000551,2024/10/18,2024/10/21,S004,C024,P020,7,199000,1393000,147700,1245300,u_andika
INV000552,2024/12/16,2024/12/19,S002,C062,P016,2,249000,498000,44400,453600,u_hanif
INV000553,2024/01/24,2024/01/24,S003,C041,P001,9,349000,3141000,570900,2570100,u_dwi
INV000554,2024/12/08,2024/12/09,S005,C067,P023,10,99000,990000,116600,873400,u_gita
INV000555,2024/12/04,2024/12/07,S002,C062,P012,7,149000,1043000,128900,914100,u_andika
INV000556,2024/01/06,2024/01/09,S002,C065,P016,8,149000,1192000,84800,1107200,u_bella
INV000557,2024/09/08,2024/09/09,S002,C043,P009,1,299000,299000,19700,279300,u_dwi
INV000558,2024/10/08,2024/10/11,S004,C052,P008,2,249000,498000,34700,463300,u_hanif
INV000559,2024/10/20,2024/10/21,S001,C064,P015,6,99000,594000,75800,518200,u_hanif
INV000560,2024/11/30,2024/11/30,S001,C052,P014,1,299000,299000,21100,277900,u_andika
INV000561,2024/02/16,2024/02/18,S005,C039,P017,9,149000,1341000,161300,1179700,u_hanif
INV000562,2024/06/23,2024/06/24,S001,C029,P015,6,299000,1794000,440000,1354000,u_hanif
INV000563,2024/12/02,2024/12/03,S004,C015,P004,4,99000,396000,63700,332300,u_fajar
INV000564,2024/06/30,2024/07/03,S003,C071,P017,6,349000,2094000,161600,1932400,u_bella
INV000565,2024/01/24,2024/01/24,S004,C018,P023,7,99000,693000,127600,565400,u_eka
INV000566,2024/11/08,2024/11/08,S002,C016,P013,4,249000,996000,71100,924900,u_dwi
INV000567,2024/06/22,2024/06/22,S004,C006,P021,10,99000,990000,0,990000,u_hanif
INV000568,2024/08/22,2024/08/25,S005,C065,P005,8,99000,792000,23300,768700,u_andika
INV000569,2024/10/10,2024/10/11,S005,C062,P017,3,349000,1047000,0,1047000,u_citra
INV000570,2024/03/06,2024/03/06,S004,C077,P020,6,299000,1794000,135300,1658700,u_gita
INV000571,2024/08/02,2024/08/04,S002,C036,P013,6,199000,1194000,120900,1073100,u_hanif
INV000572,2024/03/09,2024/03/09,S004,C078,P023,9,199000,1791000,389300,1401700,u_fajar
INV000573,2024/12/30,2024/12/31,S005,C028,P007,4,299000,1196000,147000,1049000,u_eka
INV000574,2024/12/17,2024/12/18,S002,C023,P017,9,349000,3141000,265900,2875100,u_fajar
INV000575,2024/12/29,2024/12/29,S003,C072,P016,10,299000,2990000,472600,2517400,u_gita
INV000576,2024/12/11,2024/12/14,S005,C037,P014,1,299000,299000,0,299000,u_bella
INV000577,2024/01/13,2024/01/14,S002,C007,P022,1,149000,149000,17400,131600,u_eka
INV000578,2024/03/23,2024/03/24,S003,C019,P002,5,149000,745000,114700,630300,u_andika
INV000579,2024/07/02,2024/07/03,S001,C079,P022,9,149000,1341000,0,1341000,u_gita
INV000580,2024/05/01,2024/05/03,S003,C007,P013,7,249000,1743000,313800,1429200,u_fajar
INV000581,2024/10/09,2024/10/09,S001,C033,P007,10,249000,2490000,308000,2182000,u_dwi
INV000582,2024/11/20,2024/11/23,S003,C076,P018,10,149000,1490000,105700,1384300,u_dwi
INV000583,2024/05/30,2024/05/31,S002,C010,P006,3,349000,1047000,151100,895900,u_bella
INV000584,2024/07/12,2024/07/12,S004,C036,P018,5,149000,745000,192900,552100,u_citra
INV000585,2024/10/26,2024/10/27,S001,C043,P015,3,99000,297000,33500,263500,u_citra
INV000586,2024/06/14,2024/06/16,S001,C079,P022,5,249000,1245000,146100,1098900,u_fajar
INV000587,2024/02/07,2024/02/10,S003,C068,P008,3,299000,897000,60900,836100,u_bella
INV000588,2024/09/15,2024/09/15,S004,C070,P018,7,99000,693000,28100,664900,u_fajar
INV000589,2024/04/23,2024/04/23,S003,C043,P012,5,149000,745000,117800,627200,u_hanif
INV000590,2024/10/14,2024/10/17,S001,C015,P022,6,249000,1494000,59900,1434100,u_dwi
INV000591,2024/11/24,2024/11/26,S005,C032,P002,6,249000,1494000,156900,1337100,u_bella
INV000592,2024/07/16,2024/07/17,S005,C037,P001,9,199000,1791000,119200,1671800,u_hanif
INV000593,2024/09/06,2024/09/06,S003,C025,P011,9,99000,891000,119000,772000,u_bella
INV000594,2024/03/26,2024/03/28,S005,C001,P021,2,149000,298000,36800,261200,u_dwi
INV000595,2024/12/16,2024/12/17,S001,C027,P018,7,349000,2443000,421700,2021300,u_bella
INV000596,2024/12/17,2024/12/17,S001,C059,P023,6,99000,594000,38200,555800,u_bella
INV000597,2024/02/07,2024/02/07,S002,C033,P018,2,299000,598000,48500,549500,u_dwi
INV000598,2024/05/12,2024/05/13,S004,C058,P021,7,249000,1743000,54900,1688100,u_fajar
INV000599,2024/01/09,2024/01/10,S001,C069,P001,10,99000,990000,68200,921800,u_andika
INV000600,2024/12/24,2024/12/24,S003,C065,P004,5,349000,1745000,220600,1524400,u_eka
INV000601,2024/11/06,2024/11/06,S003,C057,P013,7,349000,2443000,373800,2069200,u_andika
INV000602,2024/08/30,2024/08/30,S005,C029,P005,7,299000,2093000,74200,2018800,u_eka
INV000603,2024/11/20,2024/11/20,S003,C048,P001,9,299000,2691000,432900,2258100,u_citra
INV000604,2024/03/04,2024/03/04,S001,C074,P020,7,299000,2093000,407900,1685100,u_bella
INV000605,2024/06/05,2024/06/05,S003,C028,P014,9,149000,1341000,172900,1168100,u_citra
INV000606,2024/04/04,2024/04/04,S005,C033,P007,2,149000,298000,68900,229100,u_andika
INV000607,2024/10/08,2024/10/09,S005,C010,P010,2,199000,398000,18200,379800,u_bella
INV000608,2024/04/11,2024/04/14,S005,C063,P011,6,149000,894000,11500,882500,u_dwi
INV000609,2024/02/21,2024/02/22,S005,C009,P007,6,249000,1494000,0,1494000,u_hanif
INV000610,2024/06/17,2024/06/19,S003,C075,P005,10,299000,2990000,612100,2377900,u_fajar
INV000611,2024/06/10,2024/06/11,S002,C001,P011,4,149000,596000,86900,509100,u_gita
INV000612,2024/05/21,2024/05/22,S002,C043,P016,8,249000,1992000,191400,1800600,u_fajar
INV000613,2024/06/05,2024/06/06,S005,C014,P006,10,99000,990000,118400,871600,u_eka
INV000614,2024/03/12,2024/03/14,S002,C034,P024,2,349000,698000,14800,683200,u_bella
INV000615,2024/01/10,2024/01/12,S001,C075,P019,7,299000,2093000,567600,1525400,u_dwi
INV000616,2024/01/19,2024/01/21,S003,C070,P018,8,349000,2792000,304500,2487500,u_citra
INV000617,2024/07/06,2024/07/07,S002,C076,P024,5,149000,745000,80200,664800,u_hanif
INV000618,2024/09/13,2024/09/15,S001,C051,P012,9,99000,891000,134400,756600,u_dwi
INV000619,2024/11/10,2024/11/13,S002,C066,P005,8,149000,1192000,159300,1032700,u_citra
INV000620,2024/10/16,2024/10/18,S002,C062,P012,1,149000,149000,17200,131800,u_hanif
INV000621,2024/04/28,2024/04/28,S003,C048,P008,1,349000,349000,15600,333400,u_dwi
INV000622,2024/09/22,2024/09/23,S004,C061,P015,1,99000,99000,13200,85800,u_fajar
INV000623,2024/02/22,2024/02/25,S005,C036,P024,5,299000,1495000,346500,1148500,u_citra
INV000624,2024/07/11,2024/07/14,S004,C047,P019,2,299000,598000,116100,481900,u_eka
INV000625,2024/07/11,2024/07/11,S005,C052,P012,6,249000,1494000,316000,1178000,u_hanif
INV000626,2024/11/05,2024/11/05,S005,C018,P015,3,149000,447000,28700,418300,u_bella
INV000627,2024/09/20,2024/09/23,S003,C028,P005,3,149000,447000,13700,433300,u_fajar
INV000628,2024/11/04,2024/11/07,S001,C030,P014,6,349000,2094000,191000,1903000,u_bella
INV000629,2024/09/03,2024/09/06,S004,C062,P007,10,149000,1490000,154800,1335200,u_gita
INV000630,2024/01/12,2024/01/12,S001,C017,P019,10,149000,1490000,263100,1226900,u_citra
INV000631,2024/11/18,2024/11/20,S001,C074,P005,1,149000,149000,0,149000,u_eka
INV000632,2024/04/02,2024/04/04,S004,C077,P019,1,349000,349000,72300,276700,u_eka
INV000633,2024/02/13,2024/02/13,S004,C078,P016,8,149000,1192000,106000,1086000,u_dwi
INV000634,2024/07/29,2024/07/31,S002,C075,P025,3,299000,897000,62900,834100,u_eka
INV000635,2024/03/26,2024/03/29,S003,C059,P020,10,99000,990000,28900,961100,u_dwi
INV000636,2024/07/12,2024/07/13,S002,C014,P001,4,299000,1196000,0,1196000,u_gita
INV000637,2024/03/17,2024/03/19,S001,C023,P016,10,299000,2990000,471300,2518700,u_andika
INV000638,2024/09/29,2024/10/01,S001,C012,P016,3,299000,897000,94300,802700,u_andika
INV000639,2024/12/13,2024/12/16,S004,C067,P014,6,99000,594000,5800,588200,u_gita
INV000640,2024/04/27,2024/04/28,S004,C045,P019,10,99000,990000,9300,980700,u_gita
INV000641,2024/03/09,2024/03/10,S004,C030,P003,5,299000,1495000,114400,1380600,u_gita
INV000642,2024/05/11,2024/05/11,S001,C001,P019,9,99000,891000,193200,697800,u_andika
INV000643,2024/07/11,2024/07/14,S002,C041,P014,6,99000,594000,48600,545400,u_citra
INV000644,2024/08/06,2024/08/09,S005,C033,P009,9,249000,2241000,0,2241000,u_fajar
INV000645,2024/11/09,2024/11/10,S004,C027,P014,9,299000,2691000,222800,2468200,u_hanif
INV000646,2024/04/01,2024/04/02,S005,C072,P016,5,199000,995000,80500,914500,u_fajar
INV000647,2024/12/27,2024/12/28,S002,C016,P024,4,249000,996000,0,996000,u_citra
INV000648,2024/02/21,2024/02/21,S005,C052,P011,9,299000,2691000,258900,2432100,u_andika
INV000649,2024/03/23,2024/03/24,S001,C012,P005,8,299000,2392000,200500,2191500,u_gita
INV000650,2024/02/15,2024/02/15,S003,C029,P012,2,299000,598000,88900,509100,u_andika
INV000651,2024/07/15,2024/07/16,S005,C067,P010,10,99000,990000,227100,762900,u_citra
INV000652,2024/11/23,2024/11/24,S004,C002,P007,9,199000,1791000,320300,1470700,u_dwi
INV000653,2024/01/18,2024/01/20,S005,C067,P023,4,299000,1196000,97100,1098900,u_citra
INV000654,2024/12/11,2024/12/11,S003,C031,P021,1,149000,149000,3400,145600,u_bella
INV000655,2024/05/21,2024/05/22,S003,C051,P013,10,149000,1490000,417400,1072600,u_andika
INV000656,2024/12/26,2024/12/26,S001,C071,P010,9,299000,2691000,280300,2410700,u_fajar
INV000657,2024/06/26,2024/06/27,S002,C078,P007,8,249000,1992000,201100,1790900,u_andika
INV000658,2024/05/13,2024/05/13,S004,C065,P004,9,99000,891000,87600,803400,u_eka
INV000659,2024/06/23,2024/06/23,S005,C033,P018,10,199000,1990000,226600,1763400,u_hanif
INV000660,2024/07/12,2024/07/14,S004,C032,P025,6,249000,1494000,134300,1359700,u_hanif
INV000661,2024/10/27,2024/10/27,S004,C015,P009,2,249000,498000,29800,468200,u_dwi
INV000662,2024/12/12,2024/12/15,S002,C041,P014,6,299000,1794000,110700,1683300,u_andika
INV000663,2024/12/24,2024/12/25,S002,C037,P003,7,349000,2443000,238700,2204300,u_fajar
INV000664,2024/02/08,2024/02/10,S002,C061,P011,6,149000,894000,55400,838600,u_eka
INV000665,2024/04/03,2024/04/06,S002,C064,P024,4,149000,596000,29900,566100,u_dwi
INV000666,2024/05/15,2024/05/15,S002,C026,P008,10,199000,1990000,213800,1776200,u_citra
INV000667,2024/02/24,2024/02/24,S001,C064,P020,1,299000,299000,24600,274400,u_andika
INV000668,2024/09/03,2024/09/04,S005,C041,P016,10,199000,1990000,408500,1581500,u_hanif
INV000669,2024/04/03,2024/04/05,S003,C051,P008,10,149000,1490000,0,1490000,u_andika
INV000670,2024/09/26,2024/09/27,S004,C070,P002,9,199000,1791000,315900,1475100,u_gita
INV000671,2024/12/17,2024/12/17,S004,C016,P023,9,249000,2241000,419600,1821400,u_fajar
INV000672,2024/12/18,2024/12/18,S001,C027,P013,10,99000,990000,0,990000,u_fajar
INV000673,2024/07/04,2024/07/06,S003,C024,P018,5,149000,745000,56600,688400,u_eka
INV000674,2024/08/29,2024/08/31,S003,C047,P006,8,249000,1992000,147400,1844600,u_dwi
INV000675,2024/08/02,2024/08/05,S003,C047,P013,5,249000,1245000,1800,1243200,u_citra
INV000676,2024/10/19,2024/10/19,S005,C030,P004,5,149000,745000,33900,711100,u_gita
INV000677,2024/07/14,2024/07/14,S002,C020,P016,1,149000,149000,3300,145700,u_gita
INV000678,2024/09/12,2024/09/12,S005,C069,P024,6,249000,1494000,332700,1161300,u_eka
INV000679,2024/05/08,2024/05/10,S005,C007,P013,2,349000,698000,115500,582500,u_citra
INV000680,2024/01/31,2024/01/31,S003,C061,P021,2,249000,498000,94100,403900,u_fajar
INV000681,2024/05/13,2024/05/14,S003,C072,P018,5,199000,995000,149800,845200,u_andika
INV000682,2024/07/29,2024/07/29,S003,C078,P007,10,299000,2990000,62700,2927300,u_citra
INV000683,2024/05/25,2024/05/26,S003,C066,P016,8,99000,792000,50100,741900,u_gita
INV000684,2024/11/10,2024/11/11,S004,C019,P006,6,249000,1494000,200600,1293400,u_gita
INV000685,2024/02/06,2024/02/06,S002,C044,P008,6,199000,1194000,17300,1176700,u_eka
INV000686,2024/12/29,2024/12/30,S005,C051,P009,8,199000,1592000,238700,1353300,u_hanif
INV000687,2024/07/30,2024/07/30,S002,C003,P005,4,349000,1396000,116100,1279900,u_eka
INV000688,2024/12/24,2024/12/27,S001,C027,P006,7,99000,693000,51100,641900,u_bella
INV000689,2024/02/02,2024/02/03,S005,C007,P001,7,299000,2093000,313500,1779500,u_bella
INV000690,2024/02/23,2024/02/24,S005,C020,P003,7,199000,1393000,182600,1210400,u_dwi
INV000691,2024/05/06,2024/05/09,S003,C057,P021,3,149000,447000,33400,413600,u_citra
INV000692,2024/01/15,2024/01/15,S003,C042,P016,8,299000,2392000,433300,1958700,u_eka
INV000693,2024/10/07,2024/10/08,S002,C070,P006,10,299000,2990000,72700,2917300,u_hanif
INV000694,2024/11/19,2024/11/22,S005,C056,P017,9,199000,1791000,256300,1534700,u_fajar
INV000695,2024/09/03,2024/09/05,S002,C012,P015,5,199000,995000,140800,854200,u_gita
INV000696,2024/05/13,2024/05/13,S003,C002,P001,9,149000,1341000,105000,1236000,u_fajar
INV000697,2024/05/26,2024/05/27,S005,C002,P023,8,249000,1992000,244700,1747300,u_eka
INV000698,2024/01/05,2024/01/06,S003,C077,P008,1,299000,299000,3700,295300,u_fajar
INV000699,2024/04/06,2024/04/07,S005,C056,P013,4,149000,596000,98200,497800,u_gita
INV000700,2024/07/12,2024/07/12,S003,C011,P014,4,299000,1196000,104100,1091900,u_eka
INV000701,2024/12/27,2025/01/03,S005,C035,P014,4,99000,396000,38700,357300,u_citra
INV000702,2024/12/27,2025/01/02,S003,C015,P021,8,299000,2392000,609700,1782300,u_hanif
INV000703,2024/12/27,2025/01/03,S005,C063,P007,6,99000,594000,47300,546700,u_citra
INV000704,2024/12/27,2025/01/01,S005,C003,P006,2,199000,398000,3600,394400,u_eka
INV000705,2024/12/27,2025/01/02,S004,C002,P008,2,149000,298000,0,298000,u_andika
INV000706,2024/12/28,2025/01/04,S002,C044,P014,5,249000,1245000,262200,982800,u_fajar
INV000707,2024/12/28,2025/01/04,S001,C043,P003,3,99000,297000,6500,290500,u_eka
INV000708,2024/12/28,2025/01/04,S001,C070,P016,3,149000,447000,145500,301500,u_eka
INV000709,2024/12/28,2025/01/04,S001,C016,P025,4,249000,996000,0,996000,u_hanif
INV000710,2024/12/28,2025/01/02,S001,C026,P015,2,299000,598000,191100,406900,u_dwi
INV000711,2024/12/29,2025/01/04,S004,C040,P011,3,349000,1047000,179100,867900,u_andika
INV000712,2024/12/29,2025/01/05,S005,C016,P009,8,349000,2792000,391800,2400200,u_eka
INV000713,2024/12/29,2025/01/02,S003,C007,P022,4,99000,396000,37800,358200,u_dwi
INV000714,2024/12/29,2025/01/04,S003,C002,P006,5,299000,1495000,283900,1211100,u_bella
INV000715,2024/12/29,2025/01/04,S002,C002,P002,10,349000,3490000,510400,2979600,u_hanif
INV000716,2024/12/30,2025/01/05,S002,C048,P025,2,149000,298000,77600,220400,u_citra
INV000717,2024/12/30,2025/01/04,S001,C080,P011,1,99000,99000,16000,83000,u_fajar
INV000718,2024/12/30,2025/01/02,S005,C014,P005,8,149000,1192000,196700,995300,u_fajar
INV000719,2024/12/30,2025/01/05,S003,C057,P024,4,99000,396000,45000,351000,u_gita
INV000720,2024/12/30,2025/01/03,S002,C033,P002,8,349000,2792000,402900,2389100,u_hanif
INV000721,2024/12/31,2025/01/05,S003,C070,P023,8,149000,1192000,215500,976500,u_citra
INV000722,2024/12/31,2025/01/05,S003,C042,P024,8,199000,1592000,0,1592000,u_citra
INV000723,2024/12/31,2025/01/01,S005,C020,P015,5,199000,995000,15100,979900,u_fajar
INV000724,2024/12/31,2025/01/04,S001,C065,P013,3,99000,297000,66600,230400,u_fajar
INV000725,2024/12/31,2025/01/05,S002,C042,P024,2,349000,698000,116600,581400,u_gita
INV000726,2025/01/01,2024/12/28,S005,C064,P025,9,149000,1341000,298200,1042800,u_eka
INV000727,2025/01/01,2024/12/29,S004,C042,P004,2,299000,598000,151200,446800,u_bella
INV000728,2025/01/01,2024/12/27,S002,C023,P002,4,99000,396000,119600,276400,u_hanif
INV000729,2025/01/01,2024/12/28,S001,C005,P019,7,349000,2443000,413000,2030000,u_hanif
INV000730,2025/01/01,2024/12/31,S005,C076,P009,1,199000,199000,26500,172500,u_dwi
INV000731,2025/01/02,2024/12/31,S001,C002,P007,8,99000,792000,221300,570700,u_hanif
INV000732,2025/01/02,2024/12/27,S003,C072,P024,7,199000,1393000,143800,1249200,u_andika
INV000733,2025/01/02,2024/12/31,S003,C068,P002,2,199000,398000,123900,274100,u_bella
INV000734,2025/01/02,2024/12/28,S005,C013,P004,4,299000,1196000,0,1196000,u_gita
INV000735,2025/01/02,2024/12/28,S002,C068,P022,4,299000,1196000,483600,712400,u_citra
INV000736,2025/01/03,2024/12/31,S005,C054,P024,2,349000,698000,224000,474000,u_fajar
INV000737,2025/01/03,2024/12/30,S004,C014,P006,3,299000,897000,258700,638300,u_gita
INV000738,2025/01/03,2024/12/31,S003,C021,P018,10,249000,2490000,989500,1500500,u_fajar
INV000739,2025/01/03,2024/12/29,S005,C042,P012,7,349000,2443000,1221100,1221900,u_gita
INV000740,2025/01/03,2024/12/29,S005,C031,P019,9,149000,1341000,539300,801700,u_gita
INV000741,2025/01/04,2024/12/31,S003,C047,P015,8,249000,1992000,0,1992000,u_andika
INV000742,2025/01/04,2024/12/27,S003,C077,P001,9,149000,1341000,77900,1263100,u_eka
INV000743,2025/01/04,2024/12/27,S003,C029,P007,6,99000,594000,92800,501200,u_eka
INV000744,2025/01/04,2024/12/31,S005,C072,P019,10,149000,1490000,378300,1111700,u_bella
INV000745,2025/01/04,2024/12/27,S004,C046,P005,3,199000,597000,195600,401400,u_fajar
INV000746,2025/01/05,2024/12/31,S002,C030,P009,5,99000,495000,69900,425100,u_gita
INV000747,2025/01/05,2024/12/31,S002,C010,P024,6,249000,1494000,415400,1078600,u_citra
INV000748,2025/01/05,2024/12/30,S005,C013,P020,5,99000,495000,67700,427300,u_gita
INV000749,2025/01/05,2024/12/27,S001,C043,P012,7,249000,1743000,275900,1467100,u_bella
INV000750,2025/01/05,2024/12/28,S005,C002,P021,7,99000,693000,27000,666000,u_eka